Estação,Data,Precipitação,Temp. Média,Temp. Máx.,Temp. Mín.,Pressão Barométrica,Umidade Rel.,Evapotranspiração,Rad. Solar,UV,Vel. Méd. Vento,Vel. Máx. Vento,Direção do Vento
,,mm,°C,°C,°C,mBar,%,mm,w/m2,MEDs,km/h,km/h,
IFRO_Colorado do Oeste,2/14/2024,"0,2","27,42","31,55","22,22","1015,67","23,2","5,92","373,85","2,54","4,51","20,9",ENE
IFRO_Colorado do Oeste,2/15/2024,0,"25,96","33,16","21,55","1015,87","13,75","6,15","257,34","1,56","3,23","22,5",E
IFRO_Colorado do Oeste,2/16/2024,3,"25,24","31,77","22,28","1015,68","10,34","5,46","215,9","1,22","3,05","35,4",E
IFRO_Colorado do Oeste,2/17/2024,"0,2","26,08","32,16","21,39","1013,85","15,44","6,63","265,88","1,6","3,4","27,4",WSW
IFRO_Colorado do Oeste,2/18/2024,"0,4","25,13","30,16","22,89","1013,24","2,38","3,76","139,88","0,68","2,73","38,6",E
IFRO_Colorado do Oeste,2/19/2024,"39,6","24,05","29,94","21,78",1013,"1,59","5,08","137,48","0,89","5,53","45,1",E
IFRO_Colorado do Oeste,2/20/2024,"9,8","23,03","26,11","21,72","1012,1",0,"4,14","96,04","0,63","5,21","32,2",E
IFRO_Colorado do Oeste,2/21/2024,"8,6","23,45","25,05",22,"1011,37",0,"3,02","70,56","0,35","3,21","25,7",E
IFRO_Colorado do Oeste,2/22/2024,"0,6","23,89","25,44","21,78","1011,57","0,52","3,51","166,55","1,07","2,88","24,1",E
IFRO_Colorado do Oeste,2/23/2024,"1,2","23,93","29,05","21,55","1012,95","5,65","4,42","171,14","1,06","3,54","30,6",E
IFRO_Colorado do Oeste,2/24/2024,11,"23,58","26,61","22,16","1015,08",0,"2,69","103,21","0,59","1,35","19,3",N
IFRO_Colorado do Oeste,2/25/2024,"20,6","24,66","30,22","22,33","1015,81","3,72","4,83","193,73","1,37","2,47","22,5",E
IFRO_Colorado do Oeste,2/26/2024,4,"24,84","31,11","21,44","1014,98","12,7","6,27","283,57","1,73","2,91","20,9",E
IFRO_Colorado do Oeste,2/27/2024,"4,8","23,67","29,77","20,83","1013,94","3,64","3,86","152,26","0,73","1,8","35,4",N
IFRO_Colorado do Oeste,2/28/2024,"0,2","25,19",31,"20,33","1013,95","14,76","5,59","241,33","1,54","2,49","27,4",E
IFRO_Colorado do Oeste,2/29/2024,"0,2","26,02","32,39","20,72","1014,13","19,66","5,77","257,26","1,58","2,06","12,9",E
IFRO_Colorado do Oeste,3/1/2024,0,"26,61","32,66","22,22","1014,09","17,58","6,2","288,78","1,34","2,26","33,8",E
IFRO_Colorado do Oeste,3/2/2024,0,"25,32","31,77","22,16","1013,9","7,86","4,93","204,37","1,15","2,82","24,1",E
IFRO_Colorado do Oeste,3/3/2024,"0,4","25,19","29,77","22,11","1013,99","4,59","4,85","201,02","1,25","4,11","27,4",E
IFRO_Colorado do Oeste,3/4/2024,"22,8","24,95","28,94","22,11","1013,41","3,26","3,89","168,4","0,92","2,59","24,1",E
IFRO_Colorado do Oeste,3/5/2024,"24,4","23,61","30,39","21,66","1013,93","5,84",5,"138,57","0,77","2,57","16,1",E
IFRO_Colorado do Oeste,3/6/2024,"1,6","25,2","29,66","22,22","1012,91","4,9","4,67","202,45","1,24","2,05","16,1",E
IFRO_Colorado do Oeste,3/7/2024,"12,8","24,5","29,94","22,33","1013,74",0,"3,1","127,91","0,67","1,59",29,E
IFRO_Colorado do Oeste,3/8/2024,"10,6","24,28","30,16",22,"1014,4","0,88","3,73","162,16","0,92","2,28","41,8",E
IFRO_Colorado do Oeste,3/9/2024,"0,2","25,38","31,89","20,78","1013,86","10,71","4,98","233,74","1,64","2,62","24,1",NW
IFRO_Colorado do Oeste,3/10/2024,4,"24,67","30,77","22,5","1014,6","2,55","3,2","140,86","0,78","1,63","19,3",E
IFRO_Colorado do Oeste,3/11/2024,"14,4","25,57","32,16","21,66","1014,57","7,18","4,95","191,71","1,21","2,77","20,9",E
IFRO_Colorado do Oeste,3/12/2024,"22,8","26,42","32,94","22,83","1013,96","8,34","4,98","206,67","1,27","2,49","20,9",E
IFRO_Colorado do Oeste,3/13/2024,"2,4","26,54","31,33","23,55","1014,04","6,64","4,29","178,73","1,12","2,25","24,1",E
IFRO_Colorado do Oeste,3/14/2024,"0,2","27,58","33,66","22,5","1013,29","21,55","5,64","291,37","1,67","1,87","17,7",ENE
IFRO_Colorado do Oeste,3/15/2024,31,"26,06","31,33","23,05","1012,06","4,55","4,09","176,49","0,86","2,4","30,6",E
IFRO_Colorado do Oeste,3/16/2024,"22,4","23,97","29,83","22,55","1011,48","0,34","2,44","80,54","0,27","1,95","20,9",E
IFRO_Colorado do Oeste,3/17/2024,"31,8","25,75","30,77","22,22","1013,18","7,77","5,18","233,28","1,47","4,9","25,7",E
IFRO_Colorado do Oeste,3/18/2024,"0,8","24,44",32,"21,61","1013,44","6,28",5,"204,05","1,25","2,89",29,E
IFRO_Colorado do Oeste,3/19/2024,2,"25,99","32,27","22,78","1012,82","13,99","5,64","219,94","1,28","3,22","32,2",E
IFRO_Colorado do Oeste,3/20/2024,"0,4","26,62","31,61","22,66","1011,43","20,17","6,15","259,28","1,49","4,53","24,1",E
IFRO_Colorado do Oeste,3/21/2024,"1,4","26,28","31,11","22,55","1012,98","13,32","5,64","265,23","1,49","6,32",29,E
IFRO_Colorado do Oeste,3/22/2024,"0,8","23,8","27,22","21,78","1013,78","0,68","3,96","151,17","0,91","4,73","24,1",E
IFRO_Colorado do Oeste,3/23/2024,"0,6","23,27","26,5","21,39","1013,18",0,"2,74","101,84","0,53","3,92","20,9",E
IFRO_Colorado do Oeste,3/24/2024,0,"25,05","31,33",22,"1012,07","10,98","4,8","216,75","1,33","2,7","22,5",E
IFRO_Colorado do Oeste,3/25/2024,"0,8","24,07","25,61","22,78","1011,4",0,"3,15","99,3","0,47","2,34","20,9",E
IFRO_Colorado do Oeste,3/26/2024,"11,4","24,64","29,77","22,66","1010,87","2,76","4,75","205,24","1,11","2,74","20,9",E
IFRO_Colorado do Oeste,3/27/2024,"11,6","24,85","29,83","22,55","1011,19","8,11","4,9","212,96","1,42","2,23","24,1",WNW
IFRO_Colorado do Oeste,3/28/2024,"8,4","24,13","28,39","22,66","1013,12","0,45","3,84","138,66","0,89","3,02","24,1",N
IFRO_Colorado do Oeste,3/29/2024,"20,6","23,99","27,94","21,89","1014,38","3,07","3,78","117,77","0,74","3,03",37,N
IFRO_Colorado do Oeste,3/30/2024,"16,8","24,97","31,89","21,55","1014,37","13,42","5,46","236,14","1,34","2,71","27,4",N
IFRO_Colorado do Oeste,3/31/2024,0,"25,66","31,89","22,89","1014,21","9,65","4,7","184,86","1,09","2,33","20,9",E
IFRO_Colorado do Oeste,4/1/2024,"18,6","25,34","31,5","22,5","1013,6","6,34","4,24","164,63","0,87","2,02","25,7",E
IFRO_Colorado do Oeste,4/2/2024,"0,2","25,69",30,"22,89","1013,95","16,46","5,28","239,14","1,32","3,12","22,5",E
IFRO_Colorado do Oeste,4/3/2024,"9,2","25,12","30,94","22,11","1012,45","7,91","3,96","192,76","1,1","1,6","19,3",E
IFRO_Colorado do Oeste,4/4/2024,"2,4","24,89","29,94","22,78","1013,59","2,64","4,47","158,87","0,95","3,2","27,4",E
IFRO_Colorado do Oeste,4/5/2024,"0,2","25,72","30,77","22,44","1014,05","14,34","4,32","186,32","1,05","2,09","20,9",E
IFRO_Colorado do Oeste,4/6/2024,"5,2","24,85","29,94","22,94","1012,49","3,23","2,77","129,64","0,6","1,45","24,1",E
IFRO_Colorado do Oeste,4/7/2024,"1,8",25,"28,72","23,11","1013,06","3,46","4,34","173,32","0,99","4,05","30,6",WSW
IFRO_Colorado do Oeste,4/8/2024,"4,6","25,02","29,22",23,"1013,31","2,99","3,96","165,14","0,95","3,42","22,5",E
IFRO_Colorado do Oeste,4/9/2024,"0,4","24,89","29,33","22,22","1013,04","8,11","3,86","165,97","0,97","2,78","49,9",E
IFRO_Colorado do Oeste,4/10/2024,"0,2","25,66","30,83","22,44","1012,14","11,13","4,01","181,47","0,95","2,95","22,5",N
IFRO_Colorado do Oeste,4/11/2024,"1,8","25,3","30,11","22,66","1013,2","8,23","4,14","180,58","0,99","2,44","20,9",E
IFRO_Colorado do Oeste,4/12/2024,"6,6","24,04","26,22","22,5","1013,99",0,"2,08","76,11","0,35","1,86","22,5",E
IFRO_Colorado do Oeste,4/13/2024,"0,6","24,77","29,94","21,28","1012,73","3,11","3,61","177,55","0,9","1,46","20,9",E
IFRO_Colorado do Oeste,4/14/2024,"0,6","25,61","30,83","22,55","1011,49","7,85","4,06","175,19","0,91","1,6","12,9",E
IFRO_Colorado do Oeste,4/15/2024,"0,8","24,14","26,89","22,83","1011,89",0,"1,19","68,4","0,25","1,44","12,9",E
IFRO_Colorado do Oeste,4/16/2024,5,"26,11","30,72","23,44","1013,45","11,55","4,65","203,61","1,14","2,52","17,7",E
IFRO_Colorado do Oeste,4/17/2024,"27,6","25,02","29,83","23,22","1014,61","2,09","4,17","138,89","1,01","3,65",29,N
IFRO_Colorado do Oeste,4/18/2024,"0,4","24,3","28,05","22,44","1014,88","1,85","4,19","160,55","0,85","4,8","24,1",N
IFRO_Colorado do Oeste,4/19/2024,0,"24,84",31,"21,55","1014,17","8,42","4,57","209,88","1,23","2,9","17,7",N
IFRO_Colorado do Oeste,4/20/2024,"1,2","26,17","31,44","22,33","1014,06","12,13","4,78","232,57","1,21","2,13","24,1",E
IFRO_Colorado do Oeste,4/21/2024,"0,8","26,05","30,77","22,94","1013,72","13,96","4,27","189,38","0,93","2,33","20,9",E
IFRO_Colorado do Oeste,4/22/2024,"7,6","26,03","31,11","22,22","1012,93","11,85","4,34","213,66",1,"2,11","17,7",E
IFRO_Colorado do Oeste,4/23/2024,"1,8","26,04","31,55","22,39","1013,54","9,85","4,55","199,63","1,13","2,37","17,7",E
IFRO_Colorado do Oeste,4/24/2024,"8,4","25,05","30,77","22,33","1014,48","5,48","3,51","160,09","0,9","2,05","25,7",E
IFRO_Colorado do Oeste,4/25/2024,"4,4","25,54","31,44","22,55","1013,48","8,91","4,5","208,14",1,"1,69","27,4",E
IFRO_Colorado do Oeste,4/26/2024,"15,8","25,26","31,5","22,55","1012,78","11,33","4,32","167,52","0,91","2,4","22,5",E
IFRO_Colorado do Oeste,4/27/2024,0,"25,85","31,66","21,66","1012,44","13,69","4,29","193,15","0,88","1,68","19,3",ENE
IFRO_Colorado do Oeste,4/28/2024,"0,2","26,08","31,44","23,16","1012,66","9,82","3,94","185,66","0,82","1,5","17,7",E
IFRO_Colorado do Oeste,4/29/2024,"0,2","26,71","32,11","22,61","1012,86","18,14","4,67","198,31","0,95","1,76","17,7",E
IFRO_Colorado do Oeste,4/30/2024,0,"26,73",32,"22,11","1012,93","19,8","4,72","231,45","1,06","2,38","24,1",E
IFRO_Colorado do Oeste,5/1/2024,"0,2","26,55","32,22","22,28","1012,38","19,13","4,55","228,23","1,03","2,38","20,9",N
IFRO_Colorado do Oeste,5/2/2024,"0,2","26,06","31,72","21,5","1011,03","19,63","4,42","181,78","0,88","2,14","19,3",E
IFRO_Colorado do Oeste,5/3/2024,"0,2","25,69","31,83","20,94","1011,64","21,38","4,27","216,27","0,98","2,17","17,7",N
IFRO_Colorado do Oeste,5/4/2024,0,"25,48","32,22","21,05","1012,84","20,81","4,37","216,84","0,95","1,99","19,3",ENE
IFRO_Colorado do Oeste,5/5/2024,"0,2","25,45","32,05","19,89","1013,55","20,98","4,6","216,89","0,99","2,07","17,7",NW
IFRO_Colorado do Oeste,5/6/2024,0,"26,63","31,83","21,78","1012,36","26,09","4,57","298,51","1,09","2,76","19,3",WNW
IFRO_Colorado do Oeste,5/7/2024,0,"27,54","31,39","22,83","1011,58","29,67","4,06","266,03","1,18","2,94","22,5",WNW
IFRO_Colorado do Oeste,5/8/2024,"11,6","26,75","32,44","21,89","1012,78","20,55","4,85","200,24","0,83","3,08","25,7",E
IFRO_Colorado do Oeste,5/9/2024,0,"25,8","31,72","21,33","1014,18","16,06","4,19","181,66","0,84","2,52","20,9",N
IFRO_Colorado do Oeste,6/28/2024,"0,2","27,03","32,11","19,72","1014,27","36,49","3,91","291,97","1,19","4,69","27,4",WNW
IFRO_Colorado do Oeste,6/29/2024,0,"24,26","32,77","16,61","1016,3","31,54","4,19","196,08","0,76",3,"22,5",E
IFRO_Colorado do Oeste,6/30/2024,0,"20,81","26,44","16,05","1017,13","59,75","3,84","194,76","0,82","5,4",29,N
IFRO_Colorado do Oeste,7/1/2024,0,"20,93","28,83","16,17","1017,12","47,94","3,84","189,4","0,78","3,31","19,3",N
IFRO_Colorado do Oeste,7/2/2024,0,"22,13",32,"14,61","1015,82","26,67","4,06","194,97","0,7","2,25","17,7",N
IFRO_Colorado do Oeste,7/3/2024,0,"22,71","32,16","14,39","1014,18","27,53","4,11","182,97","0,73","2,51","22,5",E
IFRO_Colorado do Oeste,7/4/2024,0,"23,62","32,5","15,72","1013,45","24,5","4,55","194,32","0,68","2,92","22,5",N
IFRO_Colorado do Oeste,7/5/2024,0,"24,15","32,89","18,05","1015,39","23,38","4,04","187,69","0,71","2,33","16,1",N
IFRO_Colorado do Oeste,7/6/2024,0,"23,67","32,66","17,33","1016,45","25,04","4,17","200,89","0,77","3,59","20,9",E
IFRO_Colorado do Oeste,7/7/2024,0,"23,65","32,39","16,05","1016,45","28,61","4,01","182,21","0,74","2,35","19,3",E
IFRO_Colorado do Oeste,7/8/2024,0,"20,78","26,44","16,28","1017,22","50,32","4,14","197,29","0,83","6,73","32,2",ENE
IFRO_Colorado do Oeste,7/9/2024,0,"18,42","25,89","12,67","1016,32","59,27","3,81","196,6","0,81","5,27","22,5",E
IFRO_Colorado do Oeste,7/10/2024,0,"18,76","27,28","12,67","1015,34","50,67","3,84","198,51","0,83","4,61","30,6",E
IFRO_Colorado do Oeste,7/11/2024,"0,8","22,76","31,44","15,33","1016,13","29,95","4,39","192,22","0,81","3,3","17,7",E
IFRO_Colorado do Oeste,7/12/2024,0,"18,6","22,72","14,55","1021,45","57,43","4,06","187,27","0,78","8,66","33,8",N
IFRO_Colorado do Oeste,7/13/2024,0,"16,41","22,83","10,67","1021,3","59,72","3,84","202,99","0,87","7,72",37,N
IFRO_Colorado do Oeste,7/14/2024,0,"17,35","23,72","12,17","1020,69","57,14","3,91","205,47","0,88","6,5",29,N
IFRO_Colorado do Oeste,7/15/2024,0,"18,58","26,89","11,11","1020,86","43,74","4,01","194,11","0,82","3,75","25,7",E
IFRO_Colorado do Oeste,7/16/2024,0,"19,8","29,22","12,39","1020,28","39,43","4,06","208,52","0,88","2,95","19,3",N
IFRO_Colorado do Oeste,7/17/2024,0,"20,6","30,16","13,22","1020,7","28,99","4,04","223,3","0,97","3,51","19,3",E
IFRO_Colorado do Oeste,7/18/2024,0,"21,59","31,94","13,05","1018,12","30,31","4,29","212,57","0,92","2,91","19,3",N
IFRO_Colorado do Oeste,7/19/2024,0,"21,91","32,27","12,67","1018,55","28,52","4,55","214,32","0,97","3,06","19,3",N
IFRO_Colorado do Oeste,7/20/2024,0,"21,98","32,33","13,05","1018,23","33,86","4,47","208,99","0,98","2,65","17,7",E
IFRO_Colorado do Oeste,7/21/2024,0,"21,94","33,11","13,33","1016,18","30,61","4,62","218,79","0,98","3,58","22,5",E
IFRO_Colorado do Oeste,7/22/2024,0,"21,72","32,11","12,89","1017,53","42,19","4,67","216,35","0,99","3,69","25,7",N
IFRO_Colorado do Oeste,7/23/2024,0,"21,48","31,61","12,39","1017,96","36,02","4,83","214,36","0,99","3,76","24,1",N
IFRO_Colorado do Oeste,7/24/2024,0,"22,24","32,94","13,22","1018,16","31,1","4,67","198,31","0,88","3,6","20,9",E
IFRO_Colorado do Oeste,7/25/2024,0,"23,54","32,94","15,78","1017,62","33,88","4,6","211,84","0,97","2,55","17,7",ENE
IFRO_Colorado do Oeste,7/26/2024,0,"24,16","34,05","15,22","1015,36","30,44","4,42","206,46","0,94","2,82","24,1",E
IFRO_Colorado do Oeste,7/27/2024,0,"24,06","33,83","16,67","1015,96","32,23","4,78","212,79","0,91","2,83","20,9",E
IFRO_Colorado do Oeste,7/28/2024,0,"23,55","32,77","15,67","1017,06","49,14","4,72","211,09","0,91","3,76","27,4",N
IFRO_Colorado do Oeste,7/29/2024,0,"23,21","33,72","14,33","1017,94","37,64","4,42","197,53","0,67","2,35","16,1",N
IFRO_Colorado do Oeste,7/30/2024,0,"22,21","31,05","16,44","1018,03","47,13","4,39","203,92","0,81","5,03","27,4",N
IFRO_Colorado do Oeste,7/31/2024,0,"24,06","34,55","15,78","1016,18","30,33","4,7","206,86","0,9","2,58","19,3",N
IFRO_Colorado do Oeste,8/1/2024,0,"25,42","34,61","16,83","1015,37","35,83","5,44","213,21","0,93","3,79","32,2",WNW
IFRO_Colorado do Oeste,8/2/2024,0,"26,3","34,44","17,39","1014,22","47,19","4,98","211,24","0,84","3,62",29,N
IFRO_Colorado do Oeste,8/3/2024,0,"27,44","34,33","22,16","1013,9","52,79","4,57","172,07","0,69","3,47","25,7",WNW
IFRO_Colorado do Oeste,8/4/2024,0,"26,18","34,27","17,44","1015,33","38,15","4,85","291,55","1,42","3,7","32,2",N
IFRO_Colorado do Oeste,8/5/2024,0,"24,34","33,83","16,67","1014,99","41,09","5,08","206,35","0,92","3,91",29,N
IFRO_Colorado do Oeste,8/6/2024,0,"25,05","33,66","16,17","1013,93","48,03","4,83","216,98","0,98","3,34","24,1",NNW
IFRO_Colorado do Oeste,8/7/2024,0,"25,23","32,89","17,39","1013,08","51,05","4,19","173,05","0,68","3,28","25,7",E
IFRO_Colorado do Oeste,8/8/2024,0,"25,1","33,22","17,55","1013,51","35,29","4,06","154,07","0,53","4,07","27,4",E
IFRO_Colorado do Oeste,8/9/2024,0,"16,42","19,94","13,05","1019,78","27,84","3,81","97,17","0,31","12,22","38,6",N
IFRO_Colorado do Oeste,8/10/2024,0,"16,51","24,28","11,44","1019,39","53,04","4,04","195,96","0,83","6,68","33,8",N
IFRO_Colorado do Oeste,8/11/2024,0,"20,4","32,05","10,44","1017,32","48,46","4,39","218,62",1,"3,03","16,1",E
IFRO_Colorado do Oeste,8/12/2024,0,"21,92","28,61","14,44","1019,63","47,04","5,11","209,34","0,83","5,76","32,2",N
IFRO_Colorado do Oeste,8/13/2024,0,"19,81","31,55","10,44","1017,58","50,9","4,37","216,96","0,84","3,6","25,7",E
IFRO_Colorado do Oeste,8/14/2024,0,"22,72","33,66","12,55","1016,01","49,37","4,44","201,82","0,62","3,03","19,3",E
IFRO_Colorado do Oeste,8/15/2024,0,"24,68","35,44","14,67","1015,84","41,07","4,22","195,49","0,63","2,63","20,9",E
IFRO_Colorado do Oeste,8/16/2024,0,"25,93","35,22","17,33",1016,"45,78","3,71","161,17","0,51","2,43","20,9",E
IFRO_Colorado do Oeste,8/17/2024,"0,6","25,97","35,44","18,66","1015,35","38,07","4,42","177,14","0,67","3,03","22,5",E
IFRO_Colorado do Oeste,8/18/2024,0,"26,59","35,66","18,5","1014,78","32,65","5,16","209,85","0,77","2,81","22,5",E
IFRO_Colorado do Oeste,8/19/2024,0,"26,02","34,61","19,28","1014,87","32,07","4,19","181,13","0,74","2,51","19,3",E
IFRO_Colorado do Oeste,8/20/2024,0,"26,25","35,61","18,66",1015,"31,17",5,"208,73","0,64","2,61","17,7",E
IFRO_Colorado do Oeste,8/21/2024,0,"27,45","36,61","17,61","1013,17","44,72","5,61","226,97","0,79","4,46","27,4",NW
IFRO_Colorado do Oeste,8/22/2024,0,"29,04","36,27","20,33","1012,63","48,67","5,33","224,82","0,83","3,61","27,4",NW
IFRO_Colorado do Oeste,8/23/2024,0,"28,22","35,89","19,83","1012,78","44,86","5,08","209,2","0,71","3,19","25,7",E
IFRO_Colorado do Oeste,8/24/2024,0,"24,95","31,22","19,55","1015,61","47,04","4,72","191,56","0,4","6,97","38,6",N
IFRO_Colorado do Oeste,8/25/2024,0,"18,85","23,72","14,67","1021,34","57,72","5,16","205,18","0,6","14,76","46,7",N
IFRO_Colorado do Oeste,8/26/2024,0,"18,25","26,83","11,78","1019,72","48,75","4,78","223,42","0,74","6,36","27,4",E
IFRO_Colorado do Oeste,8/27/2024,0,"21,21","32,33","11,89","1017,8","53,73","4,24","200,78","0,44","2,17","17,7",E
IFRO_Colorado do Oeste,8/28/2024,0,"24,16",35,"15,33","1016,58","49,6","4,47","195,69","0,35","2,38","16,1",ENE
IFRO_Colorado do Oeste,8/29/2024,0,"25,84","36,44","17,61","1015,58","48,09","4,52","188,18","0,38","2,41","22,5",E
IFRO_Colorado do Oeste,8/30/2024,0,"25,64","35,5",18,"1015,35","47,49","5,26","195,68","0,44","4,06",29,ENE
IFRO_Colorado do Oeste,8/31/2024,0,"25,59","35,5","17,39","1015,62","52,09","4,6","204,3","0,36","2,54","16,1",ENE
IFRO_Colorado do Oeste,9/1/2024,0,"26,35","33,33","19,55","1016,08","53,91","4,72","187,22","0,25","5,51","33,8",E
IFRO_Colorado do Oeste,9/2/2024,0,"26,4","35,89","19,66","1013,75","50,74","4,85","216,18","0,45","3,27","19,3",E
IFRO_Colorado do Oeste,9/3/2024,0,"27,25","36,39","17,94","1012,21","51,72",5,"194,42","0,23","4,44","30,6",E
IFRO_Colorado do Oeste,9/4/2024,"0,6","27,54","34,94","20,39","1013,73","44,67","3,99","152,78","0,13","2,74","22,5",N
IFRO_Colorado do Oeste,9/5/2024,0,"25,65","29,66","22,05","1015,66","44,98","4,09","139,02","0,06","6,5","33,8",E
IFRO_Colorado do Oeste,9/6/2024,0,"24,09","34,66","16,89","1012,88","56,11","3,96","172,94","0,23","3,18","17,7",N
IFRO_Colorado do Oeste,9/7/2024,0,"25,6","36,83","15,61","1012,64","50,09","4,8","195,19","0,26","3,79","30,6",E
IFRO_Colorado do Oeste,9/8/2024,0,"25,95","36,22","18,22","1014,22","46,24","4,06","157,89","0,07","2,82","20,9",E
IFRO_Colorado do Oeste,9/9/2024,0,"26,46",37,"18,22","1013,51","31,3","4,67","183,21","0,2","2,76","19,3",E
IFRO_Colorado do Oeste,9/10/2024,0,"26,92","36,27","18,66","1012,06","42,41","4,11","164,56","0,14","2,3","17,7",E
IFRO_Colorado do Oeste,9/11/2024,0,"28,94","35,11","21,22","1011,38","51,66","4,37","170,66","0,17","3,64","32,2",N
IFRO_Colorado do Oeste,9/12/2024,"12,4","26,86","34,66","22,39","1013,21","36,12","2,74","137,33","0,15","2,31","61,2",E
IFRO_Colorado do Oeste,9/13/2024,0,"27,49","35,5","21,16","1012,2","30,74","4,09","181,44","0,38","1,86","19,3",E
IFRO_Colorado do Oeste,9/14/2024,0,"27,58","34,94","22,39","1013,22","31,19","3,53","128,91","0,11","4,33","30,6",E
IFRO_Colorado do Oeste,9/15/2024,0,"23,69","27,44","21,44","1015,3","18,84","3,33","127,43","0,14","3,76","20,9",E
IFRO_Colorado do Oeste,9/16/2024,0,"24,77","29,39","20,83","1016,69","54,36","4,47","176,95","0,39","6,11","27,4",E
IFRO_Colorado do Oeste,9/17/2024,0,"26,14","34,33","19,16","1013,53","41,44","4,72","203,51","0,59","2,58","17,7",E
IFRO_Colorado do Oeste,9/18/2024,0,"26,89","33,94","20,28","1012,12","32,06","4,47","180,23","0,35","2,67","17,7",E
IFRO_Colorado do Oeste,9/19/2024,0,"28,53","34,72","22,16","1011,91","45,23","4,9","188,04","0,42","4,02","22,5",E
IFRO_Colorado do Oeste,9/20/2024,0,"28,63","35,66","20,28","1011,1","43,75","5,31","222,9","0,69","2,76","24,1",E
IFRO_Colorado do Oeste,9/21/2024,0,"28,61","36,22",23,"1011,24","52,31","4,47","171,65","0,51","3,15","25,7",E
IFRO_Colorado do Oeste,9/22/2024,"1,4","28,35","35,94","21,33","1010,72","35,97","5,21","194,86","0,42","3,62","25,7",NNW
IFRO_Colorado do Oeste,9/23/2024,0,"29,86","36,16",25,"1011,23","53,99","4,72","200,09","0,43","3,75","24,1",E
IFRO_Colorado do Oeste,9/24/2024,"21,4","25,32","34,11","19,66","1012,59","24,39","3,91","176,19","0,5","4,4","67,6",E
IFRO_Colorado do Oeste,9/25/2024,7,"27,49","35,66","22,22","1011,27","29,5","5,36","211,73","0,59","3,92","43,5",E
IFRO_Colorado do Oeste,9/26/2024,0,"24,18","30,27","21,33","1013,14","23,49","2,34","92,69","0,16","2,77","30,6",E
IFRO_Colorado do Oeste,9/27/2024,0,"24,36","28,94","21,05","1015,16","29,08","4,47","236,79","1,01","4,73","27,4",E
IFRO_Colorado do Oeste,9/28/2024,0,"26,06","33,44","20,55","1013,66","34,81","5,51","249,58","1,19","3,04","17,7",E
IFRO_Colorado do Oeste,9/29/2024,"22,6","26,79","34,83","20,55","1012,44","21,04","5,33","231,3","0,96","3,1","57,9",E
IFRO_Colorado do Oeste,9/30/2024,"37,2","23,12","31,61","20,33","1013,15","10,48","3,2","118,19","0,51","2,71","46,7",E
IFRO_Colorado do Oeste,10/1/2024,"0,2","26,5","33,83","19,5","1011,87","33,86","6,05","255,86","1,47","4,22",29,N
IFRO_Colorado do Oeste,10/2/2024,0,"28,26","34,83","22,16","1011,27","39,61","5,84","230,76","1,49","3,03","24,1",E
IFRO_Colorado do Oeste,10/3/2024,0,"26,52","31,11","22,66","1012,64","32,13","3,61","142,89","0,29","2,41","19,3",E
IFRO_Colorado do Oeste,10/4/2024,0,"27,6","33,94","22,33","1013,53","31,62","5,46","238,48","0,97","2,65","25,7",E
IFRO_Colorado do Oeste,10/5/2024,0,"27,55","34,44","22,61","1013,26","29,94","5,21","227,98","0,83","2,86","22,5",E
IFRO_Colorado do Oeste,10/6/2024,"0,2","26,85","35,44","21,5","1012,34","30,32","4,65","182,58","0,68","3,3","35,4",E
IFRO_Colorado do Oeste,10/7/2024,0,"25,8","31,94","22,66","1011,93","21,24","4,14","136,61","0,54","5,1","27,4",N
IFRO_Colorado do Oeste,10/8/2024,0,"29,08","34,77","23,39","1011,45","45,21","6,45","227,65","1,16","4,48",29,W
IFRO_Colorado do Oeste,10/9/2024,0,"28,48","34,5",23,"1012,53","40,98","5,59","229,35","0,91","4,2","25,7",E
IFRO_Colorado do Oeste,10/10/2024,0,"26,22","31,16","23,16","1012,94","31,61","4,9",185,"0,54","6,04","27,4",E
IFRO_Colorado do Oeste,10/11/2024,0,"26,41","33,94","21,39","1012,87","33,93","5,64","216,81","1,2","4,58","30,6",E
IFRO_Colorado do Oeste,10/12/2024,0,"27,79","35,72","20,61","1013,49","34,67","5,99","255,21","1,24","3,37","35,4",E
IFRO_Colorado do Oeste,10/13/2024,"0,2","26,43","34,33","22,5","1016,35","38,47","4,06","172,45","0,71","3,82","25,7",E
IFRO_Colorado do Oeste,10/14/2024,"13,4","25,43","33,61","20,89","1016,56","22,11","4,95","208,18","1,2","3,86","40,2",E
IFRO_Colorado do Oeste,10/15/2024,"26,4","24,46","33,39","20,61","1014,46","13,54","4,37","181,29","0,73","3,44","48,3",E
IFRO_Colorado do Oeste,10/16/2024,0,"23,35","27,44","21,05","1014,49","1,74","4,06","129,48","0,58","3,8",29,E
IFRO_Colorado do Oeste,10/17/2024,0,"25,55",32,21,"1012,76","20,06","5,13","226,24","1,14","2,35","19,3",E
IFRO_Colorado do Oeste,10/18/2024,0,"26,29","31,44","22,16","1012,21","20,31","4,11","169,34","0,69","2,91","19,3",E
IFRO_Colorado do Oeste,10/19/2024,"20,8","24,3","29,44","19,89","1011,12","16,79","5,51","219,4","1,38","4,92",29,E
IFRO_Colorado do Oeste,10/20/2024,0,"24,73","30,55","20,5","1009,21","17,32","4,42","214,35","1,32","2,69","19,3",E
IFRO_Colorado do Oeste,10/21/2024,0,"26,12","31,22","21,5","1010,79","19,16","4,42","216,81","1,28","3,12",29,E
IFRO_Colorado do Oeste,10/22/2024,0,"27,39","32,05","22,61","1013,35","22,5","5,54","382,65","2,64","5,36","30,6",E
IFRO_Colorado do Oeste,10/23/2024,0,"26,05","32,33","22,33","1012,62","14,42","4,04","300,79","1,69","2,97","20,9",E
IFRO_Colorado do Oeste,10/24/2024,13,"25,27","31,89","22,05","1011,1","10,25","4,83","209,67","1,39","4,75",37,WNW
IFRO_Colorado do Oeste,10/25/2024,"5,2","25,7","32,39","21,83","1011,56","11,47","3,76","156,23","1,03","2,85","40,2",WNW
IFRO_Colorado do Oeste,10/26/2024,"71,8","25,39","32,11","21,22","1012,76","11,69","3,73","157,59","0,99","3,26","25,7",E
IFRO_Colorado do Oeste,10/27/2024,"11,2","23,48","27,94","21,16","1014,81","0,1","4,75","165,4","1,09","5,05","20,9",E
IFRO_Colorado do Oeste,10/28/2024,0,"25,5","31,72","22,05","1014,42","10,44","6,25","252,8","1,61","2,72","27,4",N
IFRO_Colorado do Oeste,10/29/2024,"0,2","25,11","30,27","22,78","1013,97","2,15","4,34","172,26","1,04","2,39","24,1",E
IFRO_Colorado do Oeste,10/30/2024,"0,4","26,25","31,72",22,"1011,62","12,58","4,78","249,63","1,65","3,74","25,7",E
IFRO_Colorado do Oeste,10/31/2024,"0,6","25,87","31,66","22,11","1008,98","6,25","5,23","153,76","0,93","2,75","30,6",E
IFRO_Colorado do Oeste,11/1/2024,0,"23,95","24,94","23,33","1008,49",0,"0,61","24,22","0,01","5,46","25,7",NW
IFRO_Colorado do Oeste,11/8/2024,0,"23,87","26,61","21,33","1010,08","0,93","1,17","130,18","0,53","2,36","19,3",E
IFRO_Colorado do Oeste,11/9/2024,"0,2","24,77","30,61","20,44","1010,97","8,93","5,18","232,81","1,7","1,84","25,7",N
IFRO_Colorado do Oeste,11/10/2024,"21,2","23,91","30,22","22,11","1011,03","2,67","3,63","125,12","0,78","2,86",29,E
IFRO_Colorado do Oeste,11/11/2024,"0,2","25,1","30,33","21,11","1010,84","10,44","6,48","278,94","1,71","4,9","30,6",ENE
IFRO_Colorado do Oeste,11/12/2024,32,"23,68","29,94","19,66","1010,68","2,07","3,28","140,27","0,79","3,38","27,4",E
IFRO_Colorado do Oeste,11/13/2024,0,"21,43","24,11","18,83","1011,75",0,"3,68","120,46","0,7","3,23","20,9",N
IFRO_Colorado do Oeste,11/14/2024,0,"24,26","30,5","20,16","1010,65","15,32","5,03","237,9","1,57","1,89","14,5",ENE
IFRO_Colorado do Oeste,11/15/2024,1,"23,16","26,16","19,61","1010,18",0,"3,51","137,72","0,74","2,95","27,4",E
IFRO_Colorado do Oeste,11/16/2024,"0,2","24,99","31,05","18,39","1010,35","18,99","5,94","278,35","1,8","3,95","22,5",WNW
IFRO_Colorado do Oeste,11/17/2024,"0,6","25,33","29,94","21,94","1011,49","10,05","4,19","175,19","1,11","3,82","22,5",E
IFRO_Colorado do Oeste,11/18/2024,"1,4","25,13","30,11","22,83","1011,61","8,67","4,83","194,26","1,36","3,39","24,1",E
IFRO_Colorado do Oeste,11/19/2024,0,"25,8","30,77","22,05","1011,59","8,14","4,24","200,94","1,24","2,56","20,9",E
IFRO_Colorado do Oeste,11/20/2024,0,"26,23","30,83","22,61","1012,85","15,68","5,21",240,"1,53","3,34","20,9",E
IFRO_Colorado do Oeste,11/21/2024,"8,6","24,5","30,55","22,5","1013,04","2,52","4,34","161,79","1,06","2,85","27,4",E
IFRO_Colorado do Oeste,11/22/2024,22,"21,85","23,28","20,28","1014,38",0,"2,08","51,99","0,21","1,85","20,9",E
IFRO_Colorado do Oeste,11/23/2024,0,"24,53","29,33","20,44","1012,94","11,93","5,46","254,34","1,83","2,98","24,1",E
IFRO_Colorado do Oeste,11/24/2024,0,"25,83","31,27","22,78","1012,99","14,45","5,59","226,01","1,78","4,15","25,7",E
IFRO_Colorado do Oeste,11/25/2024,"0,6","26,24",32,"22,66","1012,64","17,19","6,07","258,69","1,65","4,58","30,6",E
IFRO_Colorado do Oeste,11/26/2024,"4,8","24,6","29,22","22,61","1012,44","6,1","3,12","113,08","0,61","2,55",37,ENE
IFRO_Colorado do Oeste,11/27/2024,"14,6","25,25",30,22,"1011,48","8,86","3,84","168,88","0,96","2,37","33,8",N
IFRO_Colorado do Oeste,11/28/2024,"0,2","25,5","30,89","21,94","1011,7","11,9","5,13","218,76","1,28","3,59","30,6",NNW
IFRO_Colorado do Oeste,11/29/2024,"25,4","26,33","33,16","22,83","1012,96","15,66","6,22",262,"1,47","3,71","25,7",E
IFRO_Colorado do Oeste,11/30/2024,"61,6","25,36","31,39","21,94","1012,91","11,88","4,83","223,55","1,22","3,31","32,2",E
IFRO_Colorado do Oeste,12/1/2024,"0,8","25,36","30,61","21,55","1011,25","8,45","4,65","227,43","1,22","2,6",29,E
IFRO_Colorado do Oeste,12/2/2024,0,"25,44","31,11","23,33","1010,62","7,65","4,9","206,01","1,24","5,07","32,2",E
IFRO_Colorado do Oeste,12/3/2024,"0,4",25,"30,27","22,55","1011,72","4,18","4,01","151,41","0,82","3,74","30,6",E
IFRO_Colorado do Oeste,12/4/2024,13,"22,92","27,16","21,16","1012,38",0,"3,05","95,65","0,55","2,21","27,4",E
IFRO_Colorado do Oeste,12/5/2024,"1,4","24,16","29,16","21,05","1011,05","2,46","3,51","174,78","1,11","1,64","22,5",N
IFRO_Colorado do Oeste,12/6/2024,21,"24,09","29,72","22,28","1011,26","3,31","3,99","174,88","1,13","2,26","30,6",NW
IFRO_Colorado do Oeste,12/7/2024,1,"24,79","29,05","22,5","1012,4","2,23","4,57","187,28","1,17","3,05","20,9",E
IFRO_Colorado do Oeste,12/8/2024,"0,6","25,09","29,77",22,"1012,99","3,43","4,57","203,57","1,08","2,27","22,5",E
IFRO_Colorado do Oeste,12/9/2024,"0,6","24,83",31,"21,78","1012,69","7,01","4,8","213,08","1,28","3,28","24,1",E
IFRO_Colorado do Oeste,12/10/2024,"0,2","25,21","31,66","21,5","1012,31","7,17","5,69","229,41","1,47","2,6","27,4",E
IFRO_Colorado do Oeste,12/11/2024,0,"25,72","30,66","21,66","1011,04","7,44","5,49","239,36","1,45","2,69","27,4",E
IFRO_Colorado do Oeste,12/12/2024,"0,8","25,17","31,05","22,55","1010,82","5,54","5,13","142,4","0,97","3,79","33,8",NNW
IFRO_Colorado do Oeste,12/13/2024,0,"25,8","30,5","22,33","1010,12","18,27","6,12","232,83","1,35","5,74","32,2",W
IFRO_Colorado do Oeste,12/14/2024,"0,8","24,49","29,72","21,94","1011,23","4,38","6,22","236,88","1,42","5,87","40,2",E
IFRO_Colorado do Oeste,12/15/2024,0,"25,05","30,44","21,16","1011,57","9,52","4,88","233,17","1,28","2,52","16,1",E
IFRO_Colorado do Oeste,12/16/2024,17,"24,27","28,94","20,33","1013,6","4,48","4,85","202,66","1,35","3,65","25,7",E
IFRO_Colorado do Oeste,12/17/2024,7,"23,7",28,"21,33","1015,13","3,28","4,75","184,61","1,11","3,42",29,WSW
IFRO_Colorado do Oeste,12/18/2024,0,"24,22","30,39","20,72","1013,86","6,27","4,8","199,33","1,32","2,49",29,N
IFRO_Colorado do Oeste,12/19/2024,"1,2","25,26","30,77","21,83","1013,43","6,83","4,19","182,37","1,13","2,63","25,7",E
IFRO_Colorado do Oeste,12/20/2024,"2,2","24,42","30,5","22,61","1012,35","2,76","2,79","101,23","0,62","1,59","19,3",E
IFRO_Colorado do Oeste,12/21/2024,"63,2","23,43","28,66","21,78","1012,82",0,"2,92","88,99","0,51","2,38","22,5",E
IFRO_Colorado do Oeste,12/22/2024,39,"24,21","29,83","20,78","1013,81","5,81","4,34","183,8","1,37","2,72","20,9",E
IFRO_Colorado do Oeste,12/23/2024,"24,4","23,63","27,83","22,16","1013,38","0,35","3,56","133,6","1,03","2,66",37,E
IFRO_Colorado do Oeste,12/24/2024,"1,6","25,42","30,33","21,72","1011,56","18,51","5,26","210,49","1,66","4,16","25,7",E
IFRO_Colorado do Oeste,12/25/2024,"21,6","22,88","25,28","21,39","1011,42",0,"2,87","86,2","0,5","3,41","30,6",E
IFRO_Colorado do Oeste,12/26/2024,0,"24,13","28,27","20,5","1011,96","15,99","4,37","186,93","1,48","2,37","27,4",E
IFRO_Colorado do Oeste,12/27/2024,0,"25,44","29,22","23,05","1012,49","12,64","4,06","173,18","1,12","2,07","20,9",E
IFRO_Colorado do Oeste,12/28/2024,0,"26,02","31,22","21,55","1012,94","15,82","5,66","271,18","1,62","2,55","25,7",N
IFRO_Colorado do Oeste,12/29/2024,"0,6","25,37","29,66","23,05","1012,27","8,16","4,67","194,67","1,44","2,25","19,3",E
IFRO_Colorado do Oeste,12/30/2024,"12,6","24,58","29,55","22,33","1011,38","3,98","4,42","162,8","1,26","3,07","27,4",ENE
IFRO_Colorado do Oeste,12/31/2024,"4,4","25,03","30,61","22,16","1011,31","9,59","4,98","206,93","1,6","3,52","25,7",E
IFRO_Colorado do Oeste,1/1/2025,"0,2","24,78","28,61","22,89","1012,09","4,15","5,38","176,32","1,22","5,92","41,8",SW
IFRO_Colorado do Oeste,1/2/2025,11,"23,87","28,05","21,89","1013,15","3,96","3,05","104,6","0,62","2,38","20,9",E
IFRO_Colorado do Oeste,1/3/2025,"55,8","24,92","30,27",22,"1012,71","11,22","4,22","161,02","1,22","2,45","22,5",ENE
IFRO_Colorado do Oeste,1/4/2025,"3,2","23,96","29,33","22,16","1013,23","2,2","3,35","122,9","0,93","2,01","27,4",E
IFRO_Colorado do Oeste,1/5/2025,"31,6","24,47","27,94","22,55","1012,9","1,56","4,42","166,92","1,1","3,16",29,E
IFRO_Colorado do Oeste,1/6/2025,8,"24,58","28,5","22,39",1013,"9,28","4,27","172,79","1,21","3,05","27,4",E
IFRO_Colorado do Oeste,1/7/2025,"6,8","24,83","29,33","22,44","1012,91","8,59","4,95","227,09","1,7","5,1","27,4",E
IFRO_Colorado do Oeste,1/8/2025,"10,6","23,52","24,72","22,61","1012,72",0,"2,06","66,28","0,24","2,78","25,7",E
IFRO_Colorado do Oeste,1/9/2025,"1,6","24,01","28,33","22,55","1011,65","1,77","3,35","111,32","0,82","3,24","22,5",E
IFRO_Colorado do Oeste,1/10/2025,1,"25,17","29,5","22,44","1012,03","12,54","4,44","181,01","1,32","3,44","30,6",E
IFRO_Colorado do Oeste,1/11/2025,"3,8","24,53","28,22","22,55","1012,54","5,67","3,45","131,74","0,9","2,59","22,5",E
IFRO_Colorado do Oeste,1/12/2025,"56,2","23,75","26,11","22,78","1012,1",0,"2,21","59,11","0,25","1,17","17,7",E
IFRO_Colorado do Oeste,1/13/2025,4,"24,57","29,22","22,78","1010,78","10,56","5,05","175,75","1,54","7,05","40,2",E
IFRO_Colorado do Oeste,1/14/2025,"39,6","21,93","23,22","20,11","1011,91",0,"2,46","59,94","0,33","6,33","30,6",E
IFRO_Colorado do Oeste,1/15/2025,0,"24,27","28,94","20,61","1011,29","14,69","5,26","201,99","1,44","5,22","30,6",E
IFRO_Colorado do Oeste,1/16/2025,"0,2","24,55","29,66","22,61",1012,"8,39","4,39","149,66","1,05","5,53","24,1",E
IFRO_Colorado do Oeste,1/17/2025,"5,4","24,83","28,72","22,05","1012,65","12,6","5,92","213,22","1,4","6,36","32,2",E
IFRO_Colorado do Oeste,1/18/2025,"8,4","24,06",28,"22,44","1013,03","1,63","3,84","130,75","0,84","3,64","22,5",E
IFRO_Colorado do Oeste,1/19/2025,"5,6","24,27","27,22","22,61","1012,28","3,26","3,86",142,"0,91","4,27","24,1",SW
IFRO_Colorado do Oeste,1/20/2025,"8,2","23,1","24,72","22,33","1012,49",0,"3,3","79,17","0,4","4,44","32,2",W
IFRO_Colorado do Oeste,1/21/2025,"0,4","23,09",25,"21,72","1013,58","0,04","3,15","99,97","0,42","2,23","22,5",W
IFRO_Colorado do Oeste,1/22/2025,"0,6","24,23","28,33","21,83","1015,42","17,98","4,04","190,59","1,09","2,39","22,5",E
IFRO_Colorado do Oeste,1/23/2025,"46,6","23,41","30,83","19,33","1015,62","14,65","4,75","225,98","1,44","2,63",37,E
IFRO_Colorado do Oeste,1/24/2025,"0,4","23,92","32,22","19,33","1013,96","17,56","5,89","261,65","1,55","2,54","40,2",E
IFRO_Colorado do Oeste,1/25/2025,"7,2","24,65","30,44","21,39","1014,86","14,89","6,35","264,57","1,47","4,42","32,2",E
IFRO_Colorado do Oeste,1/26/2025,"10,6","23,2","30,22","21,5","1014,58","4,92","3,66","133,17","0,69","1,5","27,4",E
IFRO_Colorado do Oeste,1/27/2025,"0,6","25,29","31,83","20,61","1013,2","20,36","5,92","265,76","1,53","4,22","30,6",E
IFRO_Colorado do Oeste,1/28/2025,0,"25,14","32,05","21,78","1013,07","15,59","5,36","253,96","1,66","2,71","35,4",E
IFRO_Colorado do Oeste,1/29/2025,"16,2","25,45","32,55","22,22","1013,27","13,76","4,67","239,47","1,26","2,32","33,8",E
IFRO_Colorado do Oeste,1/30/2025,"0,6","24,99","31,27","21,61","1013,45","16,91","5,31","222,01","1,35","4,6","30,6",N
IFRO_Colorado do Oeste,1/31/2025,"0,6","25,51","30,44","22,66","1012,05","17,83","6,1","261,47","1,55","4,2","25,7",E
IFRO_Colorado do Oeste,2/1/2025,10,"24,55","30,89","22,33","1010,66","9,89","5,11","178,34","1,2","5,88","43,5",E
IFRO_Colorado do Oeste,2/2/2025,70,"24,06","28,77","21,83","1010,15","10,06","5,18","191,72","1,19","5,86","27,4",E
IFRO_Colorado do Oeste,2/3/2025,"0,4","23,84","28,05","21,72","1010,89","7,77","4,37","127,75","0,69","5,47","25,7",WSW
IFRO_Colorado do Oeste,2/4/2025,"0,2","25,22","30,39","21,5","1011,63","17,57","5,94","271,24","1,69","4,28","30,6",E
IFRO_Colorado do Oeste,2/5/2025,50,"23,92","28,33","22,16","1011,99","1,88","3,38","120,91","0,54","2,6","32,2",E
IFRO_Colorado do Oeste,2/6/2025,27,"24,24","29,66",22,"1012,84","7,01","4,29","170,05","1,16","1,76","25,7",N
IFRO_Colorado do Oeste,2/7/2025,34,"24,8","30,44","22,33","1012,38","8,47","5,03","215,01","1,48","2,16","20,9",E
IFRO_Colorado do Oeste,2/8/2025,"1,4","24,82","29,94","22,44","1013,04","15,79","4,57","198,25","1,21","2,19","22,5",E
IFRO_Colorado do Oeste,2/9/2025,"24,4","24,56","30,33","21,89","1013,77","14,38","4,98","236,06","1,46","2,92","20,9",E
IFRO_Colorado do Oeste,2/10/2025,"0,2","24,19","29,77","22,22","1012,81","6,74","4,47","192,26","1,26","2,58","24,1",E
IFRO_Colorado do Oeste,2/11/2025,"0,4","24,06","28,72","21,33","1011,17","14,27","4,44","187,94","1,17","2,64","22,5",N
IFRO_Colorado do Oeste,2/12/2025,4,"23,52","27,66",22,"1012,74","5,49","3,94","163,83","1,26","3,52","35,4",WNW
IFRO_Colorado do Oeste,2/13/2025,1,"23,41","27,33","20,89","1014,3","2,92","2,9","97,67","0,54","1,29","22,5",E
IFRO_Colorado do Oeste,2/14/2025,"21,6","23,57","27,61","22,28","1013,66","2,19","4,11","130,82","0,87","4,14","25,7",E
IFRO_Colorado do Oeste,2/15/2025,0,"23,94","28,33","21,55","1011,91","9,35","4,19","165,99","1,04","2,49",29,N
IFRO_Colorado do Oeste,2/16/2025,"0,2","24,82","30,27","21,66","1012,41","11,7","4,75","211,34","1,43","3,14","22,5",E
IFRO_Colorado do Oeste,2/17/2025,"23,4","23,87","26,28","22,66","1013,16","0,31","2,84","97,88","0,54","1,61","16,1",E
IFRO_Colorado do Oeste,2/18/2025,"11,6","24,6","29,33","22,72","1013,59","6,58","3,91","178,14","1,1","1,84",29,E
IFRO_Colorado do Oeste,2/19/2025,"1,4","24,22","29,44",22,"1014,33","14,85","4,34","188,31","1,05","3,72","25,7",E
IFRO_Colorado do Oeste,2/20/2025,"0,4","24,77","30,55","21,83","1014,24","10,19","3,94","185,32","1,07","2,52","22,5",E
IFRO_Colorado do Oeste,2/21/2025,"0,6","24,44","30,16","22,72","1015,45","6,72","4,6","181,78","1,25","2,58",29,E
IFRO_Colorado do Oeste,2/22/2025,"9,6","26,04","32,72","20,83","1014,52","21,65","6,32","276,41","1,53","3,19","30,6",E
IFRO_Colorado do Oeste,2/23/2025,"18,2","25,6","32,11","21,33","1013,61","19,85","5,41","262,23","1,44","3,63","24,1",E
IFRO_Colorado do Oeste,2/24/2025,"24,6","24,96","30,66","22,5","1013,77","15,83","5,21","237,93","1,42","4,34","30,6",E
IFRO_Colorado do Oeste,2/25/2025,"98,8","23,71","28,77",22,"1013,83","1,84","3,05","112,34","0,71","1,85","30,6",E
IFRO_Colorado do Oeste,2/26/2025,"18,4","23,98","28,55","21,5","1014,67","4,24","4,32","192,04","1,35","2,84","20,9",NNW
IFRO_Colorado do Oeste,2/27/2025,"20,2","24,22","28,83","22,33","1013,69","8,85","4,19","159,82","1,32","3,28","27,4",E
IFRO_Colorado do Oeste,2/28/2025,13,"24,88","30,05","22,39","1013,18","13,93","4,55","169,91","1,23","3,71","25,7",ENE
IFRO_Colorado do Oeste,3/1/2025,"9,6","24,02","28,94","22,22","1013,62","5,49","4,11","164,81","1,28","2,13","16,1",E
IFRO_Colorado do Oeste,3/2/2025,"23,4","23,98","29,16","22,11","1013,67","4,02","3,33","127,25","0,87","1,41","33,8",E
IFRO_Colorado do Oeste,3/3/2025,"23,6","24,35","29,89","21,83","1013,25","7,95","4,85","182,77","1,42","3,36","19,3",ENE
IFRO_Colorado do Oeste,3/4/2025,"17,2","23,73","26,94","22,11","1012,89","3,81","3,66","130,78","0,92","3,02","24,1",E
IFRO_Colorado do Oeste,3/5/2025,"9,8","23,87","28,61","22,11","1012,92","6,68","3,58","154,91","1,15","2,65",29,N
IFRO_Colorado do Oeste,3/6/2025,15,"23,64","27,11","22,39","1013,87","2,54","2,79","112,4","0,66","1,67",29,N
IFRO_Colorado do Oeste,3/7/2025,"34,6","23,92","28,39","22,16","1014,65","5,14","3,3","130,08","1,09","2,71","35,4",N
IFRO_Colorado do Oeste,3/8/2025,"0,2","24,29","29,05","22,16","1015,34","7,93","3,86","147,3","1,28","2,23","24,1",N
IFRO_Colorado do Oeste,3/9/2025,"47,8","23,61","28,83","21,44","1015,23","4,19","3,1","106,44","0,8","1,55","24,1",E
IFRO_Colorado do Oeste,3/10/2025,0,"24,48","29,33","22,05","1014,02","8,56","3,68","153,08","1,33","1,4",29,E
IFRO_Colorado do Oeste,3/11/2025,"2,4","24,5","29,72","22,44","1014,74","5,78","3,53","139,72","1,05","0,89","27,4",E
IFRO_Colorado do Oeste,3/12/2025,0,"24,92","29,61","21,66","1015,61","6,8","4,93","180,03","1,29","2,57","20,9",E
IFRO_Colorado do Oeste,3/13/2025,"19,4","25,2","29,94","22,94","1015,3","8,63","3,94","175,8","1,01","1,6","17,7",N
IFRO_Colorado do Oeste,3/14/2025,"28,8","23,53","26,55","20,89","1015,03","0,69","3,07","116,12","0,77","2,04","19,3",E
IFRO_Colorado do Oeste,3/15/2025,"0,2","24,84","31,11","22,22","1014,2","10,74","4,37","181,72","1,38","1,82","17,7",E
IFRO_Colorado do Oeste,3/16/2025,"10,2","24,89","31,89","21,61","1015,04","9,69","5,21","200,28","1,2","2,98","35,4",ENE
IFRO_Colorado do Oeste,3/17/2025,"0,6","24,54","29,16",22,"1015,69","6,85","4,67","190,68","1,27","2,94","25,7",E
IFRO_Colorado do Oeste,3/18/2025,"4,2","24,96","30,27","20,94","1014,11","10,67","4,72","198,6","1,2","1,89",29,E
IFRO_Colorado do Oeste,3/19/2025,"40,8","24,18","29,83","21,83","1014,95","4,84","3,66","164,77","1,23","3,31","24,1",E
IFRO_Colorado do Oeste,3/20/2025,"10,2","24,45","29,33","21,28","1015,43","8,03","4,29","189,37","1,38","2,94","19,3",E
IFRO_Colorado do Oeste,3/21/2025,"0,2","25,22","31,39","21,83","1014,36","9,29","4,01","174,97","1,21","2,27","25,7",WNW
IFRO_Colorado do Oeste,3/22/2025,"11,8","25,79","31,89","22,5","1013,85","15,37","4,62","198,68","1,18","3,39","41,8",E
IFRO_Colorado do Oeste,3/23/2025,"1,8","26,01","31,44","22,05","1012,96","12,62","5,21","201,33","1,41","3,63","30,6",E
IFRO_Colorado do Oeste,3/24/2025,"0,4","25,01","27,11","23,33","1013,83","5,7","3,15","158,12","0,98","3,42","19,3",E
IFRO_Colorado do Oeste,3/25/2025,"5,6","24,27","28,94","21,83","1014,35","5,14","4,57","171,43","1,03","3,23",29,E
IFRO_Colorado do Oeste,3/26/2025,"0,8","24,66","29,55","21,55","1014,02","8,16","4,6","180,41","1,3","3,06","27,4",ENE
IFRO_Colorado do Oeste,3/27/2025,"33,2","23,68","28,66","22,16","1013,06","3,51","2,79","107,95","0,97","3,81","27,4",E
IFRO_Colorado do Oeste,3/28/2025,"1,2","24,64","29,83","21,28","1012,53","8,63","4,09","192,01","1,56","3,08","25,7",WNW
IFRO_Colorado do Oeste,3/29/2025,22,"24,46","29,83","21,83","1012,03","7,18","3,99","150,07","1,02","3,47","25,7",E
IFRO_Colorado do Oeste,3/30/2025,"12,8","24,38","29,55","22,05","1011,49","6,59","4,44","150,83","1,07","4,1","40,2",E
IFRO_Colorado do Oeste,3/31/2025,"10,2","24,59","28,77","22,94","1013,1","4,06","3,4","130,95","0,82","1,84","24,1",E
IFRO_Colorado do Oeste,4/1/2025,"4,8","23,05","26,66","20,72","1014,9","0,2","2,87","96,27","0,45","2,75","33,8",E
IFRO_Colorado do Oeste,4/2/2025,10,"23,15","29,61","19,94","1014,21","3,73","4,04","145,61","1,14","2,7","22,5",E
IFRO_Colorado do Oeste,4/3/2025,"4,4","24,33","31,33","22,22","1014,69","6,12","4,11","151,51","1,13","2,27","32,2",E
IFRO_Colorado do Oeste,4/4/2025,7,"24,06","29,83","22,28","1016,59","3,6","3,96","125,74","0,82","4,02","27,4",E
IFRO_Colorado do Oeste,4/5/2025,0,"21,9","24,33","19,83",1018,"0,16","3,96","91,3","0,43","7,23","27,4",N
IFRO_Colorado do Oeste,4/6/2025,0,"22,33","27,39","19,22","1016,27","4,76","4,06","145,03","0,93","4,45","19,3",N
IFRO_Colorado do Oeste,4/7/2025,"0,2","23,72",30,"20,28","1014,41","9,84","3,2","158,58","1,12","2,36","20,9",E
IFRO_Colorado do Oeste,4/8/2025,0,"24,51","29,16","21,16","1014,95","9,32","3,53","133,02","0,6","2,31","22,5",E
IFRO_Colorado do Oeste,4/9/2025,"0,2","24,13","29,44","22,05","1015,88","4,35","3,68","129,13","0,81","2,44","16,1",E
IFRO_Colorado do Oeste,4/10/2025,33,"23,67",30,"21,22","1014,23","4,39","3,51","138,41","0,93","2,2","32,2",E
IFRO_Colorado do Oeste,4/11/2025,"2,4","25,12","30,55","21,83","1012,8","11,13","3,73","164,71","1,11","3,31","20,9",E
IFRO_Colorado do Oeste,4/12/2025,"0,2","25,28","30,27","22,5","1013,24","18,5","4,37","196,51","1,19","3,52","20,9",WNW
IFRO_Colorado do Oeste,4/13/2025,"31,4","22,92","24,83","21,55","1015,16",0,"2,31","81,56","0,34","2,29","24,1",E
IFRO_Colorado do Oeste,4/14/2025,0,"24,16","29,61","20,78","1014,08","9,96","3,56","157,63","0,92","1,96","19,3",N
IFRO_Colorado do Oeste,4/15/2025,"2,4","25,02",30,"21,44","1013,31","8,53","3,4","158,43","0,79","2,02","20,9",E
IFRO_Colorado do Oeste,4/16/2025,"0,4","23,93","26,28","22,28","1013,61","0,13","2,24","70,67","0,22","1,96","16,1",E
IFRO_Colorado do Oeste,4/17/2025,"0,6","25,15","31,11","21,33","1013,38","10,02","4,39","195,34","1,02","2,95","22,5",E
IFRO_Colorado do Oeste,4/18/2025,0,"26,26","31,77","21,89","1013,73","16,03","4,52","218,78",1,"2,32","25,7",E
IFRO_Colorado do Oeste,4/19/2025,"0,6","24,59","31,39","22,05","1014,13","10,55","3,23",113,"0,45","3,33","25,7",E
IFRO_Colorado do Oeste,4/20/2025,"1,4","24,42","30,05","21,5","1012,56","4,66","4,32","175,95","0,94","2,33","19,3",E
IFRO_Colorado do Oeste,4/21/2025,"24,2","24,05","31,22","21,28","1011,96","4,92","3,91","145,18","0,85","2,22",29,E
IFRO_Colorado do Oeste,4/22/2025,"0,6","25,06","30,94","21,39","1011,92","9,79","3,38","168,49","1,08","1,61","14,5",E
IFRO_Colorado do Oeste,4/23/2025,19,"24,78","29,83","22,11","1011,91","3,75","3,61","170,37","0,9","2,23","27,4",N
IFRO_Colorado do Oeste,4/24/2025,"0,2","26,15","30,55","22,66","1012,05","15,47","3,96","168,98","0,88","2,66","22,5",E
IFRO_Colorado do Oeste,4/25/2025,"0,8","25,79","31,16","22,33","1011,32","12,96","4,9","201,36","1,01","3,09","27,4",E
IFRO_Colorado do Oeste,4/26/2025,"10,4","24,61","31,05","22,78","1011,12","5,2","2,26","94,52","0,34","2,15","22,5",N
IFRO_Colorado do Oeste,4/27/2025,"16,2","23,98","27,66","22,44","1013,59","0,19","2,01","83,39","0,22","1,44","24,1",E
IFRO_Colorado do Oeste,4/28/2025,"0,8","24,01","27,72","22,39","1014,38","0,36","2,67","115,99","0,54","2,84","24,1",N
IFRO_Colorado do Oeste,4/29/2025,"0,6","23,9","26,89",22,1014,"1,4","3,18","129,23","0,65","3,41","17,7",E
IFRO_Colorado do Oeste,4/30/2025,0,"24,5",29,"21,72","1013,6","11,14","3,91","164,3","0,93","3,62","19,3",E
IFRO_Colorado do Oeste,5/1/2025,0,"25,34","30,83","22,11","1013,5","10,19","4,29","181,12","0,91","2,74","17,7",E
IFRO_Colorado do Oeste,5/2/2025,9,"25,51","32,11","22,28","1013,93","12,11","4,85","208,56","0,92","2,53","24,1",E
IFRO_Colorado do Oeste,5/3/2025,"0,2","25,22","29,44",22,"1014,67","9,03","3,91","163,19","0,73","2,34","16,1",N
IFRO_Colorado do Oeste,5/4/2025,0,"25,09","29,66","21,94","1014,48","8,33","3,38","155,32","0,66","1,43","16,1",E
IFRO_Colorado do Oeste,5/5/2025,"8,4","24,2","29,83","22,39","1014,88","4,4","3,61","129,84","0,72","2,32",29,E
IFRO_Colorado do Oeste,5/6/2025,"0,4","25,11","30,83","21,44","1013,93","12,28","4,72","194,17","0,99","2,15","24,1",E
IFRO_Colorado do Oeste,5/7/2025,"0,2","25,17",31,"21,39","1013,72","10,15","4,57","188,94","0,74","3,02","22,5",E
IFRO_Colorado do Oeste,5/8/2025,"0,2","25,22","31,16","21,22","1014,04","16,61","4,93","227,34","0,91","3,09","25,7",E
IFRO_Colorado do Oeste,5/9/2025,"0,2","25,59","31,55","21,22","1014,6","17,56","4,47","221,81","0,91","2,87","22,5",E
IFRO_Colorado do Oeste,5/10/2025,0,"24,59","31,5","21,5","1017,4","10,34","3,96","174,93","0,92","2,76","30,6",E
IFRO_Colorado do Oeste,5/11/2025,0,"23,3","26,89","20,39","1018,47","16,2","5,36","210,7","0,99","5,66","24,1",E
IFRO_Colorado do Oeste,5/12/2025,0,"22,51","28,27","18,05","1016,98","10,32","4,19","217,56","0,99","2,23","17,7",N
IFRO_Colorado do Oeste,5/13/2025,"1,2","24,44","30,77","19,61","1015,4","12,43","4,34","211,88","0,92","2,33","17,7",N
IFRO_Colorado do Oeste,5/14/2025,"0,2","25,01","30,77","21,44","1014,81","13,81","4,75","216,58","0,92","2,37","19,3",N
IFRO_Colorado do Oeste,5/15/2025,0,"24,76","30,61","20,55","1015,05","17,39","4,88","233,63","0,91","3,09","20,9",E
IFRO_Colorado do Oeste,5/16/2025,"0,2","23,79","30,05","18,89","1015,03","18,86","4,32","215,14","0,9","2,85","20,9",E
IFRO_Colorado do Oeste,5/17/2025,"0,2","23,68","29,89","18,39","1014,67","19,48","4,27","212,52","0,87","2,8","19,3",N
IFRO_Colorado do Oeste,5/18/2025,"0,2","24,13","30,27","18,94","1014,63","17,16","3,96","186,54","0,8","2,33","17,7",NNW
IFRO_Colorado do Oeste,5/19/2025,0,"24,58",31,"20,33","1014,97","17,29","4,42","202,2","0,85","2,5","19,3",E
IFRO_Colorado do Oeste,5/20/2025,"0,2","23,88","30,5","20,11","1015,85","14,64","4,17","189,98","0,8","2,5","22,5",N
IFRO_Colorado do Oeste,5/21/2025,0,"24,26",31,"20,11","1015,78","15,47","4,32","192,2","0,73","2,17","17,7",E
IFRO_Colorado do Oeste,5/22/2025,"0,2","24,37","30,61","19,55",1016,"16,67","4,29","210,59","0,79","2,16","17,7",E
IFRO_Colorado do Oeste,5/23/2025,0,"23,7","30,27","17,94","1016,32","19,67","4,29","216,92","0,8","2,52","17,7",NE
IFRO_Colorado do Oeste,5/24/2025,"0,2","23,06","30,77","15,67","1016,25","19,4","4,32","210,95","0,78","2,35","16,1",NNW
IFRO_Colorado do Oeste,5/25/2025,"0,2","24,59","30,72","19,44","1016,31","15,18","4,11","183,91","0,72","2,02","16,1",N
IFRO_Colorado do Oeste,5/26/2025,"6,8","24,3","29,5","20,44","1015,08","7,37","3,3","143,47","0,51","2,14","32,2",E
IFRO_Colorado do Oeste,5/27/2025,"1,2","24,52","29,61","21,66","1015,05","9,8","3,61","146,03","0,5","3,87",29,E
IFRO_Colorado do Oeste,5/28/2025,"35,4","18,74","25,72","12,44","1020,1",0,"2,64","52,72","0,09","6,28","53,1",N
IFRO_Colorado do Oeste,5/29/2025,"2,6","14,02","17,94","11,17","1021,86","13,73","3,81","128,26","0,61","7,6","32,2",E
IFRO_Colorado do Oeste,5/30/2025,0,"17,46",24,"12,72","1019,1","19,83","4,19","196,61","0,91","3,09","20,9",E
IFRO_Colorado do Oeste,5/31/2025,0,"20,36","27,44","14,83","1018,14","16,51","4,09","193,69","0,79","2,64","16,1",N
IFRO_Colorado do Oeste,6/1/2025,0,"22,08","27,5","18,39","1019,2","15,81","4,47","205,51","0,83","4,54","19,3",N
IFRO_Colorado do Oeste,6/2/2025,0,"22,29","29,44","16,78","1018,29","16,98","4,24","205,33","0,77","2,99","14,5",E
IFRO_Colorado do Oeste,6/3/2025,"0,2","23,63","30,33","18,44","1016,45","15,78","4,14","202,12","0,75","2,48","16,1",E
IFRO_Colorado do Oeste,6/4/2025,0,"24,26","31,05","19,28","1014,65","14,65","3,89","180,43","0,64","2,46","20,9",E
IFRO_Colorado do Oeste,6/5/2025,"0,2","24,57","31,33","20,05","1015,68","17,74","4,39","205,3","0,67","1,96","17,7",N
IFRO_Colorado do Oeste,6/6/2025,0,"23,89","31,27","19,39","1016,33","16,44","4,39","206,75","0,71","2,36","17,7",N
IFRO_Colorado do Oeste,6/7/2025,"0,2","23,93","30,77","19,16","1015,08","16,61","4,22","201,48","0,64","2,79","17,7",N
IFRO_Colorado do Oeste,6/8/2025,0,"23,83","31,05","18,28","1015,23","19,22","4,32","205,72","0,67","2,17","12,9",E
IFRO_Colorado do Oeste,6/9/2025,0,"21,9","25,44","18,72","1016,79","2,03","3,76","117,76","0,4","7,22","27,4",E
IFRO_Colorado do Oeste,6/10/2025,0,"20,37","26,83","15,94","1017,78","18,89","4,37","197,57","0,81","4,64","20,9",E
IFRO_Colorado do Oeste,6/11/2025,0,"21,22","27,28","16,55","1018,07","13,68","4,32","202,93","0,83","4,18","17,7",E
IFRO_Colorado do Oeste,6/12/2025,0,"22,1","28,94","16,78","1015,52","13,44","4,09","192,86","0,76","2,56","14,5",E
IFRO_Colorado do Oeste,6/13/2025,"0,2","23,44","30,33","17,89","1014,83","17,29","4,11","191,74","0,6","2,74","19,3",E
IFRO_Colorado do Oeste,6/14/2025,0,"24,07","30,83","18,28","1016,23","16,7","4,09","199,4","0,66","3,08","19,3",E
IFRO_Colorado do Oeste,6/15/2025,"0,6","23,65","29,83","19,78","1017,01","9,34","3,58","152,79","0,53","2,48","17,7",N
IFRO_Colorado do Oeste,6/16/2025,"0,2","24,15","30,11","20,05","1017,12","11,43","4,04","159,02","0,55","2,19","20,9",ENE
IFRO_Colorado do Oeste,6/17/2025,0,"23,47","30,05","17,94","1017,11","18,08","4,44","203,62","0,72","2,73","17,7",N
IFRO_Colorado do Oeste,6/18/2025,"0,2","23,28","31,05","17,28","1017,38","20,08","4,24","204,92","0,64","3,05","20,9",N
IFRO_Colorado do Oeste,6/19/2025,0,"23,26","30,61","16,44","1017,58","20,92","4,34","201,78","0,63","2,86","16,1",E
IFRO_Colorado do Oeste,6/20/2025,0,"20,16","25,39","17,16","1018,07","5,25","3,84","145,83","0,52","4,78","22,5",E
IFRO_Colorado do Oeste,6/21/2025,"0,2","22,07","29,55","16,33","1014,87","12,7","3,86","186,45","0,66","2,08","12,9",E
IFRO_Colorado do Oeste,6/22/2025,1,"23,83","30,16","17,83","1012,34","16,05","4,22","173,66","0,62","4,13","30,6",WSW
IFRO_Colorado do Oeste,6/23/2025,"46,4","21,81","24,11","17,89","1015,25",0,"2,01","27,77","0,01","3,62","30,6",E
IFRO_Colorado do Oeste,6/24/2025,"18,4","16,62","19,5","14,78","1018,69","0,08","3,76","80,75","0,35","7,92",37,N
IFRO_Colorado do Oeste,6/25/2025,0,"20,22","27,44","15,44","1015,75","6,17","3,53","152,83","0,71","2,81","17,7",E
IFRO_Colorado do Oeste,6/26/2025,"0,2","21,68","28,89","17,83","1016,58","5,12","1,37","57,7","0,11","1,59","16,1",E
IFRO_Colorado do Oeste,6/27/2025,"0,2","23,66","29,89","18,61","1017,13","10,18","3,91","185,29","0,74","2,25","16,1",E
IFRO_Colorado do Oeste,6/28/2025,"0,2","23,63","30,66","18,83","1016,3","13,27","3,84","187,67","0,67","2,13","19,3",E
IFRO_Colorado do Oeste,6/29/2025,"0,2","23,73","30,83","18,55","1017,09","15,18","3,63","192,41","0,74","3,53",29,E
IFRO_Colorado do Oeste,6/30/2025,0,"17,68","21,55","14,55","1020,73","22,05","3,53","133,33","0,53","9,68","35,4",N
IFRO_Colorado do Oeste,7/1/2025,0,"14,31","18,94","11,89","1021,93","18,22","3,78","136,53","0,52","8,77",29,E
IFRO_Colorado do Oeste,7/2/2025,0,"15,1","20,44","12,05","1022,74","12,34","3,73","140,3","0,54","8,05","32,2",E
IFRO_Colorado do Oeste,7/3/2025,0,"16,55","23,16","11,83","1022,35","22,72","4,29","208,96","0,91","5,96","27,4",E
IFRO_Colorado do Oeste,7/4/2025,0,"18,88","27,72","12,17","1020,12","16,58","3,89","205,81","0,86","3,23","20,9",E
IFRO_Colorado do Oeste,7/5/2025,0,"20,92","29,5","14,83","1019,73","17,78","4,01","204,02","0,79","2,62","16,1",N
IFRO_Colorado do Oeste,7/6/2025,"0,2","20,88","28,77","15,72","1018,67","18,43","4,04","210,72","0,78","2,88","16,1",N
IFRO_Colorado do Oeste,7/7/2025,"0,2","20,63","29,05","14,33","1018,95","21,28","4,06","205,25","0,76","2,97","19,3",N
IFRO_Colorado do Oeste,7/8/2025,0,"21,02","28,94","14,39","1019,63","22,31","4,11","217,5","0,8","3,38","17,7",E
IFRO_Colorado do Oeste,7/9/2025,0,"20,43","29,5","13,67","1018,93","21,07","4,01","210,54","0,78","2,79","16,1",N
IFRO_Colorado do Oeste,7/10/2025,"0,2","20,74","28,83","14,44","1018,96","19,39","4,09","202,78","0,77","3,1","19,3",N
IFRO_Colorado do Oeste,7/11/2025,0,"21,13","29,22","14,89","1019,72","19,89","4,17","210,23","0,79","3,28","17,7",N
IFRO_Colorado do Oeste,7/12/2025,0,"20,62","29,16","13,44","1019,04","22,72","4,29","213,01","0,77","3,2","19,3",E
IFRO_Colorado do Oeste,7/13/2025,0,"20,3","29,16","13,28","1019,35","22,73","4,39","209,27","0,77","3,16","19,3",N
IFRO_Colorado do Oeste,7/14/2025,0,"20,62","29,5","13,67","1019,51","20,36","4,22","214,84","0,81","3,09","17,7",N
IFRO_Colorado do Oeste,7/15/2025,0,"21,22","30,11","14,22","1017,47","19,44","4,24","211,71","0,76","3,15","19,3",E
IFRO_Colorado do Oeste,7/16/2025,0,"22,32","30,72","14,55","1016,37","21,68","4,57","216,2","0,77","3,16","20,9",N
IFRO_Colorado do Oeste,7/17/2025,0,"21,67","27,72","15,67","1018,71","27,96","4,6","212,23","0,89","5,44","27,4",N
IFRO_Colorado do Oeste,7/18/2025,0,"19,32","26,05","14,28","1019,43","33,1","4,65","211,59","0,92","5,93","24,1",E
IFRO_Colorado do Oeste,7/19/2025,0,"20,12","29,33","12,55","1018,2","21,58","4,29","218,18","0,84","3,07","17,7",N
IFRO_Colorado do Oeste,7/20/2025,0,"20,42","29,55","13,28","1017,42","18,98","4,17","214,7","0,88","3,12","16,1",E
IFRO_Colorado do Oeste,7/21/2025,0,"21,81","31,5","14,5","1015,9","18,9","4,42","215,04","0,82","3,14","16,1",E
IFRO_Colorado do Oeste,7/22/2025,0,"22,41","32,44","15,28","1016,12","19,66","4,34","216,37","0,79","2,64","17,7",N
IFRO_Colorado do Oeste,7/23/2025,0,"21,81","31,16","14,11","1017,69","20,23","4,27","213,41","0,8","2,96","17,7",N
IFRO_Colorado do Oeste,7/24/2025,0,"22,62","32,55","14,5","1016,23","21,55","4,32","210,15","0,78","2,92","16,1",E
IFRO_Colorado do Oeste,7/25/2025,0,"23,33","32,72","15,28","1014,35","22,52","4,62","218,7","0,79","3,78","22,5",NW
IFRO_Colorado do Oeste,7/26/2025,0,"23,98","33,44","15,89","1013,96","23,58","4,78","215,03","0,77","3,61","19,3",E
IFRO_Colorado do Oeste,7/27/2025,0,"24,38","33,66","16,11","1014,56","23,25",5,"214,88","0,76","3,73","22,5",NW
IFRO_Colorado do Oeste,7/28/2025,0,"24,5","32,94","16,83","1016,91","25,46","4,65","208,61","0,76","3,9","24,1",N
IFRO_Colorado do Oeste,7/29/2025,0,"20,86","26,66","16,5","1019,17","19,19","4,9","207,59","0,95","6,68","27,4",N
IFRO_Colorado do Oeste,7/30/2025,0,"21,07","30,05","14,55","1017,68","14,43","4,32","200,6","0,83","3,11","17,7",E
IFRO_Colorado do Oeste,7/31/2025,"0,2","23,16","32,33",16,"1016,92","18,4","4,65","216,78","0,79","3,8","22,5",WNW
IFRO_Colorado do Oeste,8/1/2025,0,"25,52","33,27","18,39","1017,28","24,82","5,36","223,05","0,87","4,44","27,4",WSW
IFRO_Colorado do Oeste,8/2/2025,0,"24,37","30,33","18,44","1017,29","16,92","4,27","164,84","0,63","4,37","27,4",NNW
IFRO_Colorado do Oeste,8/3/2025,"15,6","23,13","28,11","18,94","1016,91","7,14","2,9","98,74","0,3","2,84","41,8",E
IFRO_Colorado do Oeste,8/4/2025,"0,2","23,26","31,27","18,72","1017,42","9,21","4,47","197,6","0,92","3,59","33,8",E
IFRO_Colorado do Oeste,8/5/2025,0,"22,02","26,78","18,78","1019,64","8,7","5,41","216,15","1,04","8,57",29,N
IFRO_Colorado do Oeste,8/6/2025,0,"21,94","29,16",17,"1017,89","10,55","4,75","209,66","1,01","4,37","20,9",E
IFRO_Colorado do Oeste,8/7/2025,"0,2","23,47","31,77","16,83","1015,77","16,77","4,57","222,75","1,02","2,25","17,7",N
IFRO_Colorado do Oeste,8/8/2025,0,"22,95","29,33","16,83","1016,75","15,71","5,72","224,52","1,09","8,09","35,4",E
IFRO_Colorado do Oeste,8/9/2025,0,"20,33","24,16","15,33","1019,38","42,67","5,46","338,11","1,75","9,51","40,2",N
IFRO_Colorado do Oeste,8/10/2025,0,"19,39","27,89","11,55","1018,76","33,81","4,57","225,04","1,11","3,73","19,3",E
IFRO_Colorado do Oeste,8/11/2025,0,"21,13","28,83","13,28","1017,69","37,29","4,78","238,88","1,19","3,49","19,3",E
IFRO_Colorado do Oeste,8/12/2025,0,"21,71","30,55","13,55","1015,74","29,66","4,88","242,4","1,15","3,18","20,9",E
IFRO_Colorado do Oeste,8/13/2025,0,"22,41","31,5","13,55","1015,88","27,65","4,78",237,"1,09","3,16","20,9",E
IFRO_Colorado do Oeste,8/14/2025,0,"23,21","31,27","14,33","1017,81","27,94","5,21","246,55","1,21","4,52","24,1",E
IFRO_Colorado do Oeste,8/15/2025,"0,8","21,36","31,55","11,78","1017,15","33,39","5,28","241,43","1,1","4,44","22,5",E
IFRO_Colorado do Oeste,8/16/2025,0,"23,24","33,55","14,17","1014,9","31,77","4,8","214,84","0,88","2,41","17,7",E
IFRO_Colorado do Oeste,8/17/2025,0,"24,7","33,39","16,83","1014,83","23,75","5,28","226,49","0,98","3,05","19,3",ENE
IFRO_Colorado do Oeste,8/18/2025,"4,6","25,14","34,33","20,11","1014,71","13,98","4,78","186,85","0,8","3,11",37,E
IFRO_Colorado do Oeste,8/19/2025,0,"26,33",33,"19,89","1013,7","22,57","5,82","235,63","1,05","4,78","32,2",WSW
IFRO_Colorado do Oeste,8/20/2025,0,"25,98","33,44","19,78","1014,68","18,27","4,78","195,95","0,88","4,14","30,6",E
IFRO_Colorado do Oeste,8/21/2025,0,"25,63","33,72","19,33","1013,68","18,57","5,23",221,"0,95","3,82","33,8",N
IFRO_Colorado do Oeste,8/22/2025,0,"26,51","33,61","19,33","1012,69","26,86","5,36","235,87","1,02","4,22","32,2",N
IFRO_Colorado do Oeste,8/23/2025,0,"27,48","34,72","19,89","1014,25","38,95","5,94","241,92","1,02","5,38","30,6",E
IFRO_Colorado do Oeste,8/24/2025,0,"20,53",25,"16,55","1018,32","32,34","5,64","230,26","1,12","9,67","32,2",N
IFRO_Colorado do Oeste,8/25/2025,0,"19,22","25,05","13,89","1019,81","45,45","5,51","234,69","1,12","10,29",37,E
IFRO_Colorado do Oeste,8/26/2025,0,"21,26","30,27","12,67","1019,26","39,63","5,49","247,79","1,17","6,76","32,2",E
IFRO_Colorado do Oeste,8/27/2025,"0,2","22,11","31,22","14,33","1018,56","28,03","5,51","256,83","1,2","4,95",29,N
IFRO_Colorado do Oeste,8/28/2025,0,"24,1","33,05","15,44","1017,44","27,59","5,38",253,"1,19","3,66","24,1",E
IFRO_Colorado do Oeste,8/29/2025,0,"25,18","35,05","16,72","1013,86","23,27","5,31","244,27","1,13","3,05","17,7",E
IFRO_Colorado do Oeste,8/30/2025,0,"26,12",35,"17,55","1012,81","22,62","5,08","227,56","0,93","2,99","19,3",E
IFRO_Colorado do Oeste,8/31/2025,0,"25,88","33,5","20,16","1014,14","22,02","4,45","178,48","0,74","4,47","30,6",E
IFRO_Colorado do Oeste,9/1/2025,0,"24,75","33,66","19,5","1015,13","15,66","4,19","151,36","0,78","3,59","30,6",E
IFRO_Colorado do Oeste,9/2/2025,0,"26,23","35,27","19,16","1014,15","19,55","5,44","218,2","0,95","3,01","22,5",N
IFRO_Colorado do Oeste,9/3/2025,5,"24,54","33,39","20,94","1014,91","7,01","4,6","164,35","0,75","3,43","30,6",E
IFRO_Colorado do Oeste,9/4/2025,0,"24,77","33,77","19,05","1014,83","12,63","4,9","209,52","0,97","2,25","30,6",E
IFRO_Colorado do Oeste,9/5/2025,0,"24,63","29,5","20,5","1015,88","14,82","6,81","241,94","1,26","8,18","32,2",N
IFRO_Colorado do Oeste,9/6/2025,0,"21,2","27,39","15,61","1017,32","35,02","5,51","231,68","1,14","6,43",29,N
IFRO_Colorado do Oeste,9/7/2025,0,"24,84","34,11","15,78","1016,11","27,11","5,64","248,11","1,22","3,34","25,7",E
IFRO_Colorado do Oeste,9/8/2025,0,"26,39","33,55",19,"1014,99","21,42","5,79","237,82","1,12","4,55","25,7",E
IFRO_Colorado do Oeste,9/9/2025,"1,4","26,7","34,44","20,28","1016,55","17,82","5,03","219,96","1,05","5,23","30,6",E
IFRO_Colorado do Oeste,9/10/2025,"0,2","26,38","34,61","21,11","1015,67","14,93","4,98","209,38","1,07","3,24","22,5",E
IFRO_Colorado do Oeste,9/11/2025,0,"26,35","35,44","20,33","1016,1","18,55","4,88","201,64","1,01","3,58","30,6",E
IFRO_Colorado do Oeste,9/12/2025,0,"26,12","34,05","18,78","1014,17","15,72","6,02","253,54","1,24","3,92","25,7",E
IFRO_Colorado do Oeste,9/13/2025,0,"27,9","36,16","20,72","1012,31","19,4","4,5","184,61","0,83","2,96","25,7",E
IFRO_Colorado do Oeste,9/14/2025,"16,4","26,02","33,61","21,61","1013,95","12,75","6,45","238,57","1,2","6,37","40,2",E
IFRO_Colorado do Oeste,9/15/2025,0,"25,11","30,39","20,78","1014,26","2,19","4,19","162,24","0,78","2,76","32,2",E
IFRO_Colorado do Oeste,9/16/2025,"2,2","24,09","32,72","20,28","1013,71","2,92","3,91","161,98","0,74","2,97","25,7",E
IFRO_Colorado do Oeste,9/17/2025,0,"25,31","33,89","20,22","1012,99","10,74","5,18","193,61","1,08","3,74","25,7",E
IFRO_Colorado do Oeste,9/18/2025,1,"24,72","33,61","19,44","1013,57","9,14","6,15","241,45","1,29","4,75","40,2",E
IFRO_Colorado do Oeste,9/19/2025,"0,4","25,36","32,5","19,16","1014,69","12,15","5,71","255,97","1,43","3,41","25,7",N
IFRO_Colorado do Oeste,9/20/2025,0,28,"33,77","21,89","1013,86","18,95","6,48","270,12","1,46","6,63","30,6",WNW
IFRO_Colorado do Oeste,9/21/2025,0,"27,25","33,39","22,44","1012,04","22,2","6,17","205,1","1,27","9,44","41,8",WSW
IFRO_Colorado do Oeste,9/22/2025,"5,2","27,67","33,94","21,78","1012,65","18,85","6,81","259,04","1,45","7,41",37,E
IFRO_Colorado do Oeste,9/23/2025,"9,6","24,3","31,27","20,22","1015,27","1,52","4,93","199,46","1,26","3,85","27,4",E
IFRO_Colorado do Oeste,9/24/2025,"7,4","23,97","30,72","21,78",1018,"0,76","3,86","175,41","1,25","3,4","41,8",E
IFRO_Colorado do Oeste,9/25/2025,"3,2","24,9","29,66","21,72","1017,69","1,39","4,67","224,1","1,38","3,08","27,4",E
IFRO_Colorado do Oeste,9/26/2025,0,"26,37","33,39","19,72","1014,98","15,01","5,54","263,68","1,56","2,57","17,7",E
IFRO_Colorado do Oeste,9/27/2025,0,"26,92","34,16","21,78","1014,07","14,72","6,1","273,25","1,5","3,9",29,N
IFRO_Colorado do Oeste,9/28/2025,"0,6","24,35","33,39","21,44","1015,58","4,88","3,1","113,99","0,56","2,59",29,E
IFRO_Colorado do Oeste,9/29/2025,"0,2","25,1","33,05","20,33","1015,43","8,8","6,05","264,2","1,4","3,44","38,6",E
IFRO_Colorado do Oeste,9/30/2025,0,"25,12","33,22","20,61","1015,68","5,81","5,49","208,37","1,23","5,68","32,2",E
IFRO_Colorado do Oeste,10/1/2025,0,"23,67","28,94","18,33","1016,53","3,01","4,32","163,49","0,77","3,31","20,9",E
IFRO_Colorado do Oeste,10/2/2025,0,"23,49","31,27","19,33","1016,6","1,86","4,72","178,94",1,"3,96","30,6",E
IFRO_Colorado do Oeste,10/3/2025,0,"26,01","33,22","20,78","1014,74","10,4","6,17","253,44","1,32",4,"19,3",E
IFRO_Colorado do Oeste,10/4/2025,0,"26,46","33,77","22,33","1012,95","9,91","6,91","251,77","1,37","6,09","30,6",E
IFRO_Colorado do Oeste,10/5/2025,0,"26,95","34,27",21,"1012,71","13,43","6,81","244,9","1,23","6,07","33,8",E
IFRO_Colorado do Oeste,10/6/2025,0,"25,43","32,61","21,94","1013,21","4,19","4,09","127,15","0,63","3,59","25,7",E
IFRO_Colorado do Oeste,10/7/2025,"0,2","24,27","28,83","20,94","1014,27","4,95","6,96","262,47","1,54","6,87","30,6",E
IFRO_Colorado do Oeste,10/8/2025,0,24,"30,27","18,61","1014,81","16,52","6,27","266,88","1,49","5,81","27,4",E
IFRO_Colorado do Oeste,10/9/2025,0,"25,01","31,44",19,"1015,08","13,84","5,89","250,21","1,33","4,22","22,5",N
IFRO_Colorado do Oeste,10/10/2025,0,"26,69","33,16",21,"1014,34","18,55","5,97","257,85","1,34","4,64","30,6",E
IFRO_Colorado do Oeste,10/11/2025,0,"26,55",33,"20,61","1011,7","16,39","6,22","249,69","1,41","5,95","32,2",W
IFRO_Colorado do Oeste,10/12/2025,6,"25,55","32,55","21,22","1011,85","5,23","6,45","211,65","1,22","7,78","56,3",NNW
IFRO_Colorado do Oeste,10/13/2025,2,"25,39","33,16","21,05","1012,16","7,8","6,81","241,7","1,48","6,62","38,6",E
IFRO_Colorado do Oeste,10/14/2025,"16,2","22,51","28,77","20,33","1013,22",0,"3,15","102,39","0,44","2,56","25,7",E
IFRO_Colorado do Oeste,10/15/2025,13,"23,37","31,55","19,66","1012,6","7,01","3,61","117,56","0,49","3,01",29,E
IFRO_Colorado do Oeste,10/16/2025,"0,2","24,69","32,72","20,61","1013,13","6,58","5,61","211,94","1,35","3,13",29,E
IFRO_Colorado do Oeste,10/17/2025,"0,2","24,88","32,94","20,78","1012,87","5,66","4,29","168,34","0,88","2,66","27,4",E
IFRO_Colorado do Oeste,10/18/2025,0,"26,71","33,5","20,28","1013,82","16,22","6,88","261,82","1,36","6,5","33,8",E
IFRO_Colorado do Oeste,10/19/2025,0,"22,72","26,11","20,89","1015,68","0,89","3,94","130,1","0,66","6,21",29,N
IFRO_Colorado do Oeste,10/20/2025,0,"24,17",29,"18,44","1014,29","5,58","4,62","215,93","1,31","3,05","20,9",E
IFRO_Colorado do Oeste,10/21/2025,0,"25,04","31,66","20,72","1013,13","7,44","5,41","220,79","1,4","3,45","35,4",E
IFRO_Colorado do Oeste,10/22/2025,0,"26,06","31,83","20,66","1014,22","10,03","6,3","263,04","1,53","3,95","22,5",N
IFRO_Colorado do Oeste,10/23/2025,0,"26,8","33,5","21,61","1013,97","14,69","6,07","270,84","1,56","4,53",29,N
IFRO_Colorado do Oeste,10/24/2025,0,"27,81","34,33","20,28","1012,94","22,4","6,12","255,51","1,47","4,12","27,4",E
IFRO_Colorado do Oeste,10/25/2025,0,"27,53",34,"22,83","1012,27","13,49","6,88","263,84","1,53","5,82",29,E
IFRO_Colorado do Oeste,10/26/2025,0,"26,11","31,89","21,78","1012,29","5,93","4,67","147,9","0,86","5,13","27,4",E
IFRO_Colorado do Oeste,10/27/2025,"0,2","23,11","27,55","20,61","1013,24",0,"4,09","149,33","0,86","3,48","22,5",E
IFRO_Colorado do Oeste,10/28/2025,0,"24,95","31,44","20,44","1015,42","5,57","5,13","202,25","1,26","3,98","20,9",E
IFRO_Colorado do Oeste,10/29/2025,7,"21,46","23,28","17,72","1017,07",0,"3,23","69,58","0,32","5,24","25,7",E
IFRO_Colorado do Oeste,10/30/2025,0,"21,41",28,"16,89","1016,55","1,27",5,"200,45","1,27","4,72","20,9",E
IFRO_Colorado do Oeste,10/31/2025,"4,6","24,51","30,27","20,11","1014,59","2,48","4,37","200,57","1,12","3,2","25,7",E
IFRO_Colorado do Oeste,11/1/2025,0,"26,57",33,"19,94","1012,95","14,76","6,48","280,3","1,67","5,41",29,E
IFRO_Colorado do Oeste,11/2/2025,0,"27,3","33,94","21,22","1012,68","13,61","5,56","232,43","1,42","4,81","27,4",E
IFRO_Colorado do Oeste,11/3/2025,"1,2",27,"34,16","21,66","1012,32","12,11","4,9","198,78","1,24","3,64","27,4",E
IFRO_Colorado do Oeste,11/4/2025,"6,8","24,93","29,55","22,5",1014,0,"4,17","163,41","0,94","4,19","22,5",E
IFRO_Colorado do Oeste,11/5/2025,"1,2","25,09",31,"21,83","1015,3","1,15","5,41","173,15","1,06","6,1",29,E
IFRO_Colorado do Oeste,11/6/2025,"31,8","25,52","32,77","21,22","1012,92","5,36","5,99","231,4","1,34","6,16","33,8",E
IFRO_Colorado do Oeste,11/7/2025,0,"26,31","32,83","21,78","1010,87","8,16","5,64","225,82","1,33","5,05","30,6",E
IFRO_Colorado do Oeste,11/8/2025,0,"25,74","33,61","21,44","1012,17","4,91","6,6","260,25","1,59","5,41","43,5",E
IFRO_Colorado do Oeste,11/9/2025,"27,6","23,65","30,05","21,16","1013,95",0,"3,94","140,57","0,85","2,88","27,4",E
IFRO_Colorado do Oeste,11/10/2025,5,"24,23","30,83",22,"1014,24","0,11","4,22","145,96","0,97","2,79","24,1",E
IFRO_Colorado do Oeste,11/11/2025,"1,4","25,05","30,77","21,72","1013,33","2,14","5,16","208,74","1,34","3,45","24,1",N
IFRO_Colorado do Oeste,11/12/2025,"20,4",24,"30,89","21,78","1013,15","0,97","4,22","145,6","0,96","3,38","32,2",ENE
IFRO_Colorado do Oeste,11/13/2025,24,"23,61","29,83","21,61","1014,13","0,32","4,11","157,53","1,02","3,38","30,6",E
IFRO_Colorado do Oeste,11/14/2025,1,"24,05","29,22","21,33","1014,05","0,27","3,89","154,5","0,95","2,85","24,1",E
IFRO_Colorado do Oeste,11/15/2025,"15,8","23,79","29,11","21,11","1013,2","1,26","3,45","155,02","0,81","3,08","32,2",E
IFRO_Colorado do Oeste,11/16/2025,0,"25,56","32,11",20,"1011,71","10,1","5,23","216,51","1,29","3,94","27,4",E
IFRO_Colorado do Oeste,11/17/2025,"1,8","23,95","31,22","18,28","1013,79","2,87","4,7","144,32","0,89","6,72",37,E
IFRO_Colorado do Oeste,11/18/2025,0,"22,68","28,44","17,94","1014,84","1,24",5,"204,47","1,24","4,84","24,1",E
IFRO_Colorado do Oeste,11/19/2025,"0,2","25,28","31,05","19,5","1012,99","10,34","5,46","260,7","1,66","3,21","20,9",E
IFRO_Colorado do Oeste,11/20/2025,0,"25,8","31,55","21,83","1010,84","8,28","5,56","237,25","1,69","3,83","22,5",E
IFRO_Colorado do Oeste,11/21/2025,"16,2","24,84","30,66",21,"1011,51","2,16","4,62","152,37","0,89","4,09",29,E
IFRO_Colorado do Oeste,11/22/2025,"36,4","24,42","29,22","22,22","1012,63",0,"3,86","145,36","0,96","2,84","22,5",E
IFRO_Colorado do Oeste,11/23/2025,"14,6","24,39","29,39","22,22","1012,28","0,45","3,76","164,21","1,1","2,94",37,E
IFRO_Colorado do Oeste,11/24/2025,5,"25,12","29,44","21,66","1011,33","0,31","3,51","154,85","0,99","2,02","19,3",E
IFRO_Colorado do Oeste,11/25/2025,"2,4","25,27","31,27","21,72","1011,47","2,23","4,98","199,27","1,27","3,28",29,E
IFRO_Colorado do Oeste,11/26/2025,"0,2","24,17","28,5","21,72","1012,64","0,46","4,72","172,88","1,02","4,51","27,4",N
IFRO_Colorado do Oeste,11/27/2025,0,"24,79","30,22","21,33","1012,2","2,51","4,45","187,17","1,23","3,42","22,5",E
IFRO_Colorado do Oeste,11/28/2025,"2,2","24,33","28,27","21,94","1012,58",0,"3,48","118,51","0,65","3,11","22,5",E
IFRO_Colorado do Oeste,11/29/2025,0,"26,26","32,55","21,83","1010,85","8,73","6,22","259,49","1,73","3,44","24,1",E
IFRO_Colorado do Oeste,11/30/2025,0,"24,87","29,33","21,89","1011,04","2,68","5,84","212,54","1,53","4,86","25,7",N
IFRO_Colorado do Oeste,12/1/2025,"7,4","24,63","30,39",22,"1011,1","1,33","5,26","209,63","1,39","3,28","24,1",E
IFRO_Colorado do Oeste,12/2/2025,"20,8","24,71",30,"22,16","1010,61","0,26","5,08",209,"1,41","3,54","27,4",E
IFRO_Colorado do Oeste,12/3/2025,46,"22,31","23,72","21,39","1011,64",0,"2,59","58,55","0,16","3,14",29,E
IFRO_Colorado do Oeste,12/4/2025,"3,6","24,11","28,66","21,22","1010,86","3,41","3,51","153,42","0,99","2,35","17,7",E
IFRO_Colorado do Oeste,12/5/2025,"22,4","23,63","26,39","21,94","1010,26",0,"2,97","82,46","0,36","3,68","32,2",E
IFRO_Colorado do Oeste,12/6/2025,"17,8","23,83","28,22","22,33","1010,76","0,6","4,75","157,15","1,17","5,12","30,6",SW
IFRO_Colorado do Oeste,12/7/2025,"8,4","23,48","27,05",22,"1011,15",0,"4,19","127,81","1,01","4,9","33,8",SW
IFRO_Colorado do Oeste,12/8/2025,"0,8","23,51","26,78","21,83","1011,35","0,1","4,34","122,53","0,86","5,63","32,2",WSW
IFRO_Colorado do Oeste,12/9/2025,"5,4","24,06","27,05","21,94","1011,63","1,54","4,29","133,94","0,89","5,35","32,2",E
IFRO_Colorado do Oeste,12/10/2025,"0,2","25,2","30,83","21,05","1012,11","12,63","5,82","255,65","1,75","3,69","30,6",E
IFRO_Colorado do Oeste,12/11/2025,0,"26,14","32,11","21,44","1010,62","11,71","5,36","221,3","1,47","3,36","22,5",E
IFRO_Colorado do Oeste,12/12/2025,"12,6","24,8","30,33","21,94","1010,35","3,88","4,98","165,61","1,22","4,55","35,4",N
IFRO_Colorado do Oeste,12/13/2025,"15,8","24,83",30,"21,78","1010,52","5,32","5,38","184,47","1,19","5,25","35,4",E
IFRO_Colorado do Oeste,12/14/2025,"6,6","24,91","30,61","22,11","1011,23","5,13","5,46","204,67","1,46","3,35","25,7",E
IFRO_Colorado do Oeste,12/15/2025,0,"25,99","31,11","23,16","1011,59","9,19","5,82","232,41","1,58","4,16","27,4",E
IFRO_Colorado do Oeste,12/16/2025,"13,2","24,21","29,11","20,5","1012,65","2,71","4,39","147,53","1,04","4,55","38,6",E
IFRO_Colorado do Oeste,12/17/2025,"0,6","22,83","26,33","20,05","1011,63","0,08","3,4","132,8","0,84","2,32","14,5",E
IFRO_Colorado do Oeste,12/18/2025,"7,8","24,48","28,83","22,5","1010,8","0,59","4,22","176,01","1,3","2,79","30,6",E
IFRO_Colorado do Oeste,12/19/2025,39,"24,13","28,72","22,44","1011,2","1,18","4,93","171,79","1,32","3,85","30,6",E
IFRO_Colorado do Oeste,12/20/2025,"1,2","24,85","29,55","22,44","1011,09","2,55","5,31","184,03","1,5","4,74","27,4",N
IFRO_Colorado do Oeste,12/21/2025,7,"25,24","30,44","22,5","1010,63","5,53","5,94",217,"1,56","5,35","40,2",N
IFRO_Colorado do Oeste,12/22/2025,"52,4","24,97","30,61","22,33","1010,47","4,07","5,11","197,17","1,33","3,95","32,2",ENE
IFRO_Colorado do Oeste,12/23/2025,23,"23,96","27,33","21,44","1011,74","1,94","3,96","133,21","0,94","3,31","24,1",E
IFRO_Colorado do Oeste,12/24/2025,"32,6","22,8","24,22","22,05","1012,01",0,"2,03","44,03","0,04","2,16","14,5",ENE
IFRO_Colorado do Oeste,12/25/2025,"13,8","23,58","27,89","21,72","1012,64","1,31","3,96","156,1","1,12","3,26","25,7",NW
IFRO_Colorado do Oeste,12/26/2025,"26,8","23,04","26,61","20,94","1013,79","0,1","3,05","108,62","0,55","2,81","27,4",E
IFRO_Colorado do Oeste,12/27/2025,"0,2","24,39","30,66","20,44","1013,56","9,24","4,37","199,69","1,3","1,94","14,5",E
IFRO_Colorado do Oeste,12/28/2025,"21,6","25,24","32,16","21,33","1012,95","7,22","5,23","228,6","1,54","3,14","32,2",E
IFRO_Colorado do Oeste,12/29/2025,"6,4","24,63","30,16","21,44","1013,85","12,2","4,8","212,43","1,27","3,74","27,4",E
IFRO_Colorado do Oeste,12/30/2025,23,"24,36","30,5","21,22","1014,7","9,08","5,08","236,95","1,69","3,12","25,7",E
IFRO_Colorado do Oeste,12/31/2025,"3,8","25,43","31,39","21,94","1015,21","6,98","4,62","209,89","1,2","2,52",29,E
IFRO_Colorado do Oeste,1/1/2026,0,"25,07","31,33","22,05","1013,7","5,23","4,52","204,05","1,32","2,42","27,4",E
IFRO_Colorado do Oeste,1/2/2026,"0,6","25,22","29,83","22,16","1013,08","8,52","5,33","213,9","1,28","5,6",29,E
IFRO_Colorado do Oeste,1/3/2026,"1,2","25,42","30,94","22,66","1012,71","5,58","4,65","195,54","1,18","4,14",37,E
IFRO_Colorado do Oeste,1/4/2026,"6,4","23,5","26,16","21,05","1012,9",0,"2,29","81,29","0,23","2,36","25,7",E
IFRO_Colorado do Oeste,1/5/2026,"0,2","24,9","29,83","20,61","1012,77","11,06","5,64","256,32","1,69","2,95","24,1",E
IFRO_Colorado do Oeste,1/6/2026,"9,6","24,88","29,89","22,11","1012,19","5,32","5,87","257,02","1,75","4,94","27,4",WNW
IFRO_Colorado do Oeste,1/7/2026,0,"24,77",29,"22,55","1013,15","6,27","4,83","208,76","1,39","5,16","40,2",NNW
IFRO_Colorado do Oeste,1/8/2026,9,"24,13","27,89","21,78","1013,55","1,66","4,14","183,37","1,09","4,22","22,5",E
IFRO_Colorado do Oeste,1/16/2026,"2,4","24,39","29,61","21,39","1013,48","2,56","2,95","227,04","1,41","1,75",29,E
IFRO_Colorado do Oeste,1/17/2026,"37,2","24,08","31,05","20,44","1013,09","5,19","3,91","222,29","1,28",0,0,N
IFRO_Colorado do Oeste,1/18/2026,21,"25,4","30,77","22,16","1012,43","8,46","5,03","250,14","1,73",0,0,N
IFRO_Colorado do Oeste,1/19/2026,"5,4","25,14","30,66","21,94","1011,24","3,32","3,48","173,75","1,02",0,0,N
IFRO_Colorado do Oeste,1/20/2026,14,"24,88","31,5","21,89","1010,86","3,82","4,67","207,64","1,44",0,0,N
IFRO_Colorado do Oeste,1/21/2026,"8,4","25,13","29,66","22,89","1010,67","2,53","3,81","186,17","1,35",0,0,N
IFRO_Colorado do Oeste,1/22/2026,16,"25,18","30,55","21,72","1010,86","4,6","4,27","218,26","1,34",0,"1,6",W
IFRO_Colorado do Oeste,1/23/2026,"35,6","23,98","29,33","21,72","1011,88","1,45","3,51","177,68","1,24",0,"1,6",ENE
IFRO_Colorado do Oeste,1/24/2026,0,"25,38","30,33","22,39","1011,92","5,68","4,85","247,55","1,61",0,0,N
IFRO_Colorado do Oeste,1/25/2026,8,"23,43","26,83","21,66","1014,14",0,"2,13","98,19","0,64",0,0,N
IFRO_Colorado do Oeste,1/26/2026,"10,4","24,59","29,94","21,55","1014,28","4,77","3,53","168,26","1,3",0,0,N
IFRO_Colorado do Oeste,1/27/2026,"20,6","24,15","30,05","21,66","1015,07","1,29","3,18","144,76","1,11","0,03","27,4",W
IFRO_Colorado do Oeste,1/28/2026,"0,2","24,11","29,39",22,"1015,73","2,07","3,51","153,52","1,25",0,0,N
IFRO_Colorado do Oeste,1/29/2026,9,"24,33","31,16","21,44","1015,06","3,66","3,91","189,68","1,25",0,"6,4",W
IFRO_Colorado do Oeste,1/30/2026,"0,2","26,52","32,39","22,16","1013,81","11,73","5,11","265,45","1,75",0,0,N
IFRO_Colorado do Oeste,1/31/2026,"13,2","26,19","32,11","22,55","1012,45","9,68","5,11","256,74","1,71",0,"1,6",S
IFRO_Colorado do Oeste,2/1/2026,"8,4","25,25","31,11","22,66","1012,19","2,79","4,62","228,88","1,67",0,"3,2",WSW
IFRO_Colorado do Oeste,2/2/2026,"6,8","24,53","28,77","23,11","1012,86","0,3","3,94","143,97","0,92","4,04","30,6",E
IFRO_Colorado do Oeste,2/3/2026,0,"25,26","29,77","22,22","1013,56","4,32","5,79","164,26",1,"5,49","27,4",W
IFRO_Colorado do Oeste,2/4/2026,6,"26,39","31,77","22,89","1013,58","11,02","5,92","234,15","1,59","4,2","25,7",E
IFRO_Colorado do Oeste,2/5/2026,0,"25,31","30,94",23,"1013,21","2,51","4,95","189,44","1,47","4,28","40,2",E
IFRO_Colorado do Oeste,2/6/2026,1,"26,38",31,"23,05","1012,65","8,05","6,53","267,65","1,72","5,68",29,E
IFRO_Colorado do Oeste,2/7/2026,"26,6","24,53","28,94","21,22","1014,38","3,59","4,52","196,09","1,26","4,52",29,E
IFRO_Colorado do Oeste,2/8/2026,3,"24,57","28,72","21,78","1013,94","0,05","4,29","194,6","1,25","1,98","25,7",E
IFRO_Colorado do Oeste,2/9/2026,"0,4","24,02","27,39","21,89","1012,85",0,"3,86","114,76","0,59","4,43","27,4",ENE
IFRO_Colorado do Oeste,2/10/2026,"0,2","23,91","28,61","21,44","1013,2","0,61","5,18","177,79","1,29","6,2","35,4",NNW
IFRO_Colorado do Oeste,2/11/2026,14,"23,98","28,83","21,28","1013,59","1,9","5,13","182,25","1,31","4,99","30,6",E
IFRO_Colorado do Oeste,2/12/2026,"66,2","22,9","27,55","21,33","1014,9",0,"3,2","96,76","0,51","2,79","25,7",E
IFRO_Colorado do Oeste,2/13/2026,"6,8","23,19","27,33","21,28","1015,39",0,"2,95","111,15","0,72","1,16","16,1",NE
IFRO_Colorado do Oeste,2/14/2026,11,"24,54","29,94",21,"1014,21","4,47","5,46","208,71","1,73","3,21","17,7",E
IFRO_Colorado do Oeste,2/15/2026,"0,8","24,27",29,"21,61","1014,2","0,48","3,89","154,54","0,9","2,15","27,4",E
IFRO_Colorado do Oeste,2/16/2026,"20,2","22,57",26,"20,16","1015,83","2,15","4,06","166,77","0,98","3,23","32,2",N
IFRO_Colorado do Oeste,2/17/2026,"0,2","23,96","31,16","19,66","1015,01","6,43","5,36","252,51","1,66","1,99","25,7",E
IFRO_Colorado do Oeste,2/18/2026,"20,4","25,35","32,05","21,33","1013,8","7,06","5,84","224,07","1,39","2,74","38,6",E
IFRO_Colorado do Oeste,2/19/2026,"3,2","25,19","30,05","21,16","1013,08","3,33","5,82","237,81","1,64","5,53","25,7",E
IFRO_Colorado do Oeste,2/20/2026,0,"25,19","30,39","22,44","1012,73","3,08","4,83","210,45","1,27","2,66","24,1",E
IFRO_Colorado do Oeste,2/21/2026,"3,2","25,36","28,94","22,61","1012,61","1,01","4,75","193,89","1,04","2,76","25,7",E
IFRO_Colorado do Oeste,2/22/2026,2,"24,19","28,77","22,11","1012,57","0,67","5,26","179,94","1,3","5,27","41,8",W
IFRO_Colorado do Oeste,2/23/2026,"23,8","24,69","29,77","21,83","1011,52","4,48","5,44","191,67","1,2","5,04","32,2",E
IFRO_Colorado do Oeste,2/24/2026,"2,4","24,6","28,16","21,94","1011,78","2,16","4,98","202,31","1,34","5,26","30,6",E
IFRO_Colorado do Oeste,2/25/2026,8,"24,23","29,89","21,61","1011,94","1,85","5,33","202,93","1,54","4,36","30,6",E
IFRO_Colorado do Oeste,2/26/2026,"0,4","23,94","27,44","21,39","1011,64","1,07","5,31","197,1","1,48","5,35",29,E
IFRO_Colorado do Oeste,2/27/2026,"3,8","25,19","29,66","21,83","1010,79","2,7","5,44","209,44","1,65","5,37","41,8",E
IFRO_Colorado do Oeste,2/28/2026,0,"26,3","30,94","23,16","1011,3","6,78","6,38","272,83","1,94","6,47","30,6",E
IFRO_Colorado do Oeste,3/1/2026,0,"25,18","28,83","22,16","1011,78","0,3","5,23","209,26","1,22","5,05",29,E
IFRO_Colorado do Oeste,3/2/2026,"4,6","25,39","31,44","20,78","1010,06","4,52","4,52","241,93","1,39","2,1","17,7",E
IFRO_Colorado do Oeste,3/3/2026,"22,6","24,28","29,27","21,83","1010,23",0,"2,51","88,27","0,38","1,9","19,3",E
